"CBC;RBC (Red Blood Cells);Low;""1. Punarnava Mandur: Take 2 tablets (500 mg each) twice daily after meals with warm water for 8 weeks — classical iron-rich Ayurvedic formulation that directly stimulates RBC production in bone marrow. | 2. Shatavari Churna: Take 5 g with warm milk twice daily (morning and bedtime) for 8 weeks — a potent Rasayana that nourishes Rakta Dhatu and promotes erythropoiesis. | 3. Guduchi Swarasa: Take 20 ml fresh Guduchi juice with equal water every morning on empty stomach for 6 weeks — powerful immunomodulator that corrects RBC quantitative deficiency. | 4. Chyawanprash: Take 2 teaspoons with warm milk every morning for 12 weeks — rich multi-herb formulation that enhances haematopoiesis and RBC longevity. | 5. Mandur Bhasma: Take 250 mg twice daily with buttermilk after meals for 6–8 weeks under physician supervision — directly stimulates red blood cell formation in bone marrow. | 6. Vidarikanda Churna: Take 3 g with warm milk at bedtime for 6 weeks — nourishes Rakta Dhatu and improves bone marrow vitality. | 7. Dhatri Lauha: Take 250 mg twice daily after meals with honey for 6 weeks — combines Amla and iron to directly stimulate RBC production."";""1. Practice Kapalbhati Pranayama for 10–15 minutes daily — stimulates bone marrow and spleen", primary organs of RBC production. | 2. Perform Yoga Nidra for 20–30 minutes daily to rejuvenate bone marrow and nervous system. | 3. Brisk walking for 30–45 minutes daily stimulates kidneys to release erythropoietin (EPO) triggering RBC production. | 4. Avoid overwork, excessive physical exertion," and dehydration — these cause Dhatu Kshaya (tissue depletion) directly reducing RBC count. | 5. Maintain consistent mealtimes to keep Agni strong for proper nutrient assimilation. | 6. Avoid alcohol completely — directly toxic to bone marrow and suppresses RBC production. | 7. Manage stress through daily 15–20 minutes meditation — chronic stress suppresses haematopoiesis."";""1. Eat dark green leafy vegetables daily — rich in folate essential for RBC maturation and DNA synthesis. | 2. Include Vitamin B12 sources: dairy", eggs, and for non-vegetarians goat liver once a week. | 3. Consume copper-rich foods: sesame seeds, cashews, lentils — copper is essential for iron conversion into haemoglobin. | 4. Drink 2.5–3 litres of water daily — dehydration reduces plasma volume and impairs erythropoietin release. | 5. Eat 5–7 soaked almonds daily — rich in Vitamin E and copper," they protect RBC membranes from oxidative damage. | 6. Include beetroot juice (200 ml) daily — directly supports haematopoiesis and bone marrow activity. | 7. Avoid refined sugar and processed carbohydrates — promote oxidative stress which destroys RBCs prematurely.""",,,,,,,,,,,,,,,,,,,,
"CBC;RBC (Red Blood Cells);High;""1. Triphala Churna: Take 5 g with warm water at bedtime for 8 weeks — detoxifies blood", reduces haemoconcentration and blood viscosity," a classical Tridoshic Rasayana. | 2. Guduchi (Giloy) Swarasa: Take 20 ml with equal water every morning on empty stomach for 6 weeks — a Raktashodhak (blood purifier) that corrects qualitative excess in RBC production. | 3. Neem Capsules: Take 500 mg twice daily after meals for 4 weeks — potent blood purifier that reduces cellular oxidative excess driving erythrocytosis. | 4. Manjistha Churna: Take 3 g with warm water twice daily after meals for 6 weeks — premier Rakta-Shodhana herb that addresses Pitta-aggravated blood conditions. | 5. Sheetala Prasham Vati: Take 250 mg twice daily after meals with cool water for 4 weeks — pacifies Pitta in Rakta Dhatu reducing excessive RBC production stimuli. | 6. Chandanasava: Take 15 ml with equal water after lunch and dinner for 4 weeks — cooling formulation that pacifies Pitta in blood and reduces haemoconcentration."";""1. Increase daily fluid intake to 3.5 litres of water — polycythaemia (high RBC) is worsened by dehydration; adequate hydration dilutes blood viscosity. | 2. Practice Sheetali Pranayama (cooling breath) for 10 minutes every morning — directly cools Pitta", reduces blood viscosity and haemoconcentration. | 3. Avoid high-altitude environments, excessive heat, and smoke-filled areas — all stimulate erythropoietin release increasing RBC production. | 4. Practice moderate-intensity yoga (forward bends," Shavasana) for 30 minutes daily; avoid intense cardio which stimulates further RBC production. | 5. Avoid smoking completely — carbon monoxide from smoking directly drives erythrocytosis as a compensatory response. | 6. Sleep 7–8 hours in a well-ventilated room — sleep apnoea is a major driver of elevated RBC count and must be addressed."";""1. Eat cooling", hydrating foods: cucumber, coconut water (200 ml daily), buttermilk, bottle gourd, ash gourd — pacify Pitta and hydrate blood. | 2. Avoid red meat, organ meats, and iron-fortified foods — these further stimulate RBC production in an already elevated state. | 3. Include generous amounts of citrus fruits, berries," and antioxidant-rich foods to reduce oxidative stress driving erythrocytosis. | 4. Reduce dietary salt — excess sodium causes fluid retention changes that concentrate blood cells. | 5. Eat more plant-based meals — plant proteins are less stimulating to haematopoiesis than animal proteins. | 6. Include ginger-lemon warm water first thing in the morning to thin blood naturally and improve circulation.""",,,,,,,,,,,,,
"CBC;Hemoglobin;Low;""1. Punarnava Mandur: Take 2 tablets (500 mg each) twice daily after meals with warm water for 8 weeks — iron-rich formulation correcting Pandu (anaemia). | 2. Amla Juice: Take 20 ml of fresh Amla juice with 20 ml water every morning on empty stomach for 6 weeks — high Vitamin C enhances iron absorption dramatically. | 3. Lohasava: Take 15 ml mixed with equal water after lunch and dinner for 6–8 weeks — classical Ayurvedic iron tonic. | 4. Ashwagandha Churna: Take 3 g with warm milk and a pinch of turmeric at bedtime for 6 weeks — improves overall haematopoiesis. | 5. Black Sesame Paste: Soak 1 tablespoon black sesame seeds overnight", grind into paste, mix with 1 teaspoon jaggery," consume on empty stomach daily for 4 weeks. | 6. Drakshavaleha: Take 10 g (1 teaspoon) twice daily with warm milk for 6 weeks — grape-based herbo-mineral jam that builds Rakta Dhatu. | 7. Triphala Churna: Take 3 g with warm water at bedtime for 4 weeks — detoxifies gut and improves nutrient absorption enabling better iron uptake."";""1. Wake up before sunrise and practice Anulom Vilom Pranayama for 15 minutes and Bhramari for 5 minutes — oxygenates blood and stimulates bone marrow. | 2. Perform Sarvangasana", Matsyasana," and Paschimottanasana for 20–30 minutes daily to stimulate blood circulation and spleen function. | 3. Avoid excessive physical exertion and prolonged fasting — these aggravate Vata and deplete Rakta Dhatu. | 4. Sleep before 10 PM — liver and spleen perform peak blood filtration between 11 PM–3 AM. | 5. Avoid tea and coffee — tannins inhibit iron absorption by up to 60%. | 6. Morning sunlight exposure for 20–30 minutes (before 9 AM) aids Vitamin D synthesis which supports iron metabolism. | 7. Reduce chronic stress — elevated cortisol suppresses erythropoiesis."";""1. Eat iron-rich foods at every meal: spinach", fenugreek leaves, drumstick leaves, pomegranate, beetroot, black sesame seeds, dates," and raisins daily. | 2. Drink 200 ml pomegranate juice on empty stomach every morning — directly nourishes Rakta Dhatu. | 3. Include 1 tablespoon jaggery daily in place of white sugar — rich traditional source of iron. | 4. Cook in iron cookware whenever possible — leaches bioavailable iron into food. | 5. Pair iron-rich foods with Vitamin C sources at the same meal to maximise absorption. | 6. Soak and sprout legumes before cooking — sprouting increases iron bioavailability by reducing phytates. | 7. Include horse gram (Kulath) soup 2–3 times per week — powerful Ayurvedic food for increasing haemoglobin.""",,,,,,,,,,,,,,,,
"CBC;Hemoglobin;High;""1. Triphala Churna: Take 5 g with warm water at bedtime for 8 weeks — reduces blood thickness", detoxifies Rakta Dhatu, and normalises haemoglobin concentration. | 2. Manjistha Churna: Take 3 g twice daily after meals with warm water for 6 weeks — Rakta Shodhana herb that addresses Pitta excess in blood. | 3. Neem Capsules: Take 500 mg twice daily after meals for 4 weeks — reduces RBC over-production stimulus and purifies blood. | 4. Guduchi Swarasa: Take 20 ml with equal water every morning for 6 weeks — corrects pathological stimuli for excessive haemoglobin synthesis. | 5. Sheetali Prasham Kwath: Boil 5 g each of Shatavari, Licorice, and Guduchi in 400 ml water, reduce to 100 ml," filter and drink lukewarm twice daily for 4 weeks — cooling decoction that pacifies Pitta and reduces haemoconcentration."";""1. Increase fluid intake to 3.5 litres daily — high haemoglobin causes blood viscosity; hydration is the first and most critical lifestyle step. | 2. Avoid smoking completely — carbon monoxide drives compensatory haemoglobin increase. | 3. Avoid high-altitude living or travel where possible. | 4. Practice Sheetali and Sheetkari Pranayama for 15 minutes daily — reduces Pitta and blood viscosity. | 5. Engage in regular moderate swimming or walking for 30–40 minutes daily — improves circulatory efficiency without stimulating more RBC production. | 6. Avoid excessive sun exposure and saunas — heat stress elevates haemoglobin."";""1. Follow a plant-based diet predominantly — animal products", especially red meat and organ meats, stimulate haemoglobin production. | 2. Hydrate with coconut water, cucumber juice, and buttermilk regularly throughout the day. | 3. Avoid iron supplements and iron-fortified foods entirely. | 4. Include blood-thinning foods: ginger, garlic, turmeric," and omega-3-rich flaxseeds and walnuts. | 5. Eat citrus fruits and berries generously for their antioxidant properties. | 6. Reduce salt intake — sodium retention increases blood concentration.""",,,,,,,,,,,,,,,
"CBC;PCV (Hematocrit);Low;""1. Punarnava Mandur: Take 2 tablets twice daily after meals for 8 weeks — directly increases packed cell volume by stimulating RBC production. | 2. Lohasava: Take 15 ml with equal water after lunch and dinner for 6 weeks — raises haematocrit by increasing circulating RBC mass. | 3. Ashwagandha Churna: Take 5 g with warm milk at bedtime for 8 weeks — an adaptogen that stimulates bone marrow and increases total blood cell volume. | 4. Bala Churna: Take 3 g with warm milk once daily at night for 6 weeks — strengthens Rakta and Mamsa Dhatu and supports bone marrow haematopoiesis. | 5. Chyawanprash: Take 2 teaspoons with warm milk every morning for 12 weeks — multi-herb formulation that raises PCV by enhancing total RBC production."";""1. Ensure minimum 8 hours of sleep — bone marrow activity peaks during deep sleep; insufficient sleep directly reduces PCV. | 2. Practice moderate aerobic exercise (brisk walking 40 minutes daily) — stimulates erythropoietin release from kidneys raising haematocrit. | 3. Stay well hydrated (2.5–3 litres daily) but avoid excessive fluid that artificially dilutes PCV. | 4. Avoid alcohol — directly suppresses bone marrow and reduces packed cell volume. | 5. Manage stress with daily 20-minute meditation — chronic cortisol elevation suppresses haematopoiesis. | 6. Avoid prolonged fasting — depletes Rakta Dhatu and reduces PCV."";""1. Include folate-rich foods: moong dal", kidney beans, spinach, and asparagus — folate is required for RBC synthesis and increases PCV. | 2. Eat Vitamin B12-rich foods daily: dairy products, paneer, curd, and eggs for vegetarians. | 3. Consume iron-rich meals: leafy greens, sesame seeds, jaggery," and pomegranate at every meal. | 4. Include beetroot (raw or juiced) daily — clinically shown to raise haematocrit through nitric oxide pathway and direct haematopoietic support. | 5. Avoid tea and coffee within 1 hour of meals — tannins block iron absorption reducing PCV over time.""",,,,,,,,,,,,,,,,,,,
"CBC;PCV (Hematocrit);High;""1. Triphala Churna: Take 5 g with warm water at bedtime for 8 weeks — reduces haemoconcentration", detoxifies Rakta Dhatu," and normalises PCV. | 2. Manjistha Churna: Take 3 g twice daily after meals for 6 weeks — addresses Pitta-driven erythrocytosis causing elevated PCV. | 3. Neem Capsules: Take 500 mg twice daily after meals for 4 weeks — reduces pathological stimulus for excess RBC production. | 4. Guduchi Swarasa: Take 20 ml with equal water every morning for 6 weeks — Raktashodhak that normalises haematocrit. | 5. Chandanasava: Take 15 ml with equal water after lunch and dinner for 4 weeks — cooling formulation that reduces Pitta and blood viscosity."";""1. Drink 3.5 litres of water daily — dehydration is the most common cause of elevated PCV; hydration is the primary intervention. | 2. Avoid smoking and high-altitude exposure — both stimulate compensatory erythrocytosis. | 3. Practice Sheetali Pranayama for 10 minutes daily. | 4. Avoid strenuous exercise during treatment period. | 5. Monitor blood pressure regularly — elevated PCV increases cardiovascular risk. | 6. Avoid diuretics and excessive sweating without rehydration."";""1. Follow a predominantly plant-based diet to reduce haematopoietic stimulation from animal proteins. | 2. Hydrate with coconut water", buttermilk, and cucumber juice throughout the day. | 3. Avoid iron supplements and fortified foods. | 4. Include natural blood-thinning foods: garlic (2 raw cloves daily), ginger tea, turmeric milk," and flaxseeds. | 5. Reduce red meat completely during treatment.""",,,,,,,,,,,,,,,,,,,,,
"CBC;MCV (Mean Corpuscular Volume);Low;""1. Punarnava Mandur: Take 2 tablets twice daily after meals for 8 weeks — corrects iron deficiency that causes microcytic (low MCV) anaemia. | 2. Lohasava: Take 15 ml with equal water after meals twice daily for 6 weeks — restores iron stores enabling normal RBC size. | 3. Amla Juice: Take 20 ml with equal water every morning on empty stomach for 6 weeks — Vitamin C boosts iron absorption correcting microcytosis. | 4. Mandur Bhasma: Take 250 mg twice daily with buttermilk after meals for 6 weeks — directly replenishes iron stores normalising MCV. | 5. Dhatri Lauha: Take 250 mg twice daily after meals with honey for 6 weeks — iron-Amla combination specifically for iron-deficiency microcytic states."";""1. Cook in iron cookware exclusively during treatment period — passive iron supplementation through cookware helps replenish iron stores. | 2. Avoid tea", coffee, and calcium supplements within 2 hours of iron-rich meals — these block iron absorption. | 3. Practice Pranayama (Anulom Vilom 15 minutes daily) to oxygenate tissues and reduce demand on microcytic RBCs. | 4. Identify and address any bleeding sources (heavy periods," GI bleeding) with a physician — these perpetuate iron deficiency and low MCV. | 5. Ensure adequate Vitamin C intake at every meal to maximise iron absorption."";""1. Eat iron-rich foods at every meal: spinach", fenugreek leaves, horse gram, sesame seeds, raisins, and jaggery. | 2. Always pair iron-rich foods with Vitamin C (lemon, amla," tomato) to enhance absorption. | 3. Include sprouted legumes daily — sprouting increases non-haem iron bioavailability significantly. | 4. Consume pomegranate juice (200 ml) every morning — corrects iron-deficiency states and raises MCV. | 5. Avoid phytate-rich unprocessed grains without soaking — phytates bind iron and reduce absorption.""",,,,,,,,,,,,,,,,,,
"CBC;MCV (Mean Corpuscular Volume);High;""1. Methylcobalamin (Mecobalamin) + Ayurvedic support — Ashwagandha Churna: Take 5 g with milk at bedtime for 8 weeks alongside B12 supplementation — macrocytosis (high MCV) is almost always B12 or folate deficiency; Ashwagandha supports neurological and haematological recovery. | 2. Brahmi Ghrita: Take 1 teaspoon with warm milk at bedtime for 6 weeks — Brahmi supports neurological pathways affected by B12 deficiency which drives elevated MCV. | 3. Shatavari Churna: Take 5 g with warm milk twice daily for 8 weeks — Rasayana that supports gut mucosa integrity"," improving Intrinsic Factor production for B12 absorption. | 4. Triphala Churna: Take 3 g at bedtime for 6 weeks — improves gut health and nutrient absorption. | 5. Chyawanprash: Take 2 teaspoons with warm milk every morning for 12 weeks — supports haematopoietic recovery from megaloblastic states."";""1. Address the root cause — macrocytosis almost always indicates B12 or folate deficiency; consult physician for supplementation alongside Ayurvedic remedies. | 2. Avoid alcohol completely — the single most common dietary cause of macrocytosis; alcohol directly impairs folate metabolism. | 3. Practice Anulom Vilom Pranayama for 15 minutes daily — supports neurological health affected by B12 deficiency driving high MCV. | 4. Follow Dinacharya (Ayurvedic daily routine) including tongue scraping — poor gut health is a major cause of B12 malabsorption. | 5. Avoid prolonged use of antacids and proton pump inhibitors — these impair B12 absorption from food"," a common iatrogenic cause of macrocytosis."";""1. Maximise B12 intake: dairy (cow milk", paneer, curd), eggs — vegetarians are at very high risk; consider sublingual B12 supplementation alongside diet. | 2. Eat folate-rich foods: moong dal, kidney beans, spinach, broccoli, asparagus, and fortified grains at every meal. | 3. Avoid alcohol entirely — damages gastric mucosa reducing Intrinsic Factor and B12 absorption. | 4. Include fermented foods (buttermilk, curd, idli," dosa) to improve gut microbiome health and B-vitamin synthesis. | 5. Eat 5–7 soaked almonds daily — supports cellular health during haematopoietic recovery. | 6. Include Tulsi leaves (5 fresh leaves) every morning — supports gut immunity and nutrient absorption.""",,,,,,,,,,,,,,,
"CBC;MCH (Mean Corpuscular Hb);Low;""1. Punarnava Mandur: Take 2 tablets twice daily after meals for 8 weeks — corrects iron and protein deficiency causing low MCH. | 2. Lohasava: Take 15 ml with equal water twice daily after meals for 6 weeks — raises haemoglobin content per RBC by replenishing iron stores. | 3. Amla Juice: Take 20 ml with equal water every morning on empty stomach for 6 weeks — boosts iron absorption increasing haemoglobin synthesis per cell. | 4. Ashwagandha Churna: Take 3 g with warm milk at bedtime for 6 weeks — improves protein synthesis and bone marrow output"," raising MCH. | 5. Mandur Bhasma: Take 250 mg twice daily with buttermilk after meals for 6 weeks — directly replenishes iron for haemoglobin synthesis within each RBC."";""1. Avoid tea and coffee within 1 hour before and after meals. | 2. Cook exclusively in iron cookware during treatment. | 3. Practice Pranayama (Anulom Vilom) for 15 minutes daily to reduce tissue hypoxia from low MCH. | 4. Ensure adequate protein intake — MCH is directly dependent on both iron and protein availability for haemoglobin synthesis. | 5. Avoid prolonged fasting and skipping meals — these deplete precursors required for haemoglobin synthesis within RBCs."";""1. Increase both iron AND protein intake simultaneously — low MCH requires both for haemoglobin synthesis within each cell. | 2. Eat high-quality plant proteins: moong dal", lentils, chickpeas, and quinoa at every meal. | 3. Include iron-rich foods with Vitamin C at every meal for enhanced absorption. | 4. Consume 200 ml pomegranate juice every morning on empty stomach. | 5. Include sesame seeds (1 tablespoon," soaked overnight) daily — high in both iron and plant protein.""",,,,,,,,,,,,,,,,,,,,,,,
"CBC;MCH (Mean Corpuscular Hb);High;""1. Triphala Churna: Take 5 g with warm water at bedtime for 8 weeks — detoxifies blood and reduces haemoconcentration causing elevated MCH. | 2. Guduchi Swarasa: Take 20 ml with equal water every morning for 6 weeks — blood purifier that corrects RBC quality imbalances. | 3. Neem Capsules: Take 500 mg twice daily after meals for 4 weeks — reduces oxidative stress within RBCs driving elevated MCH. | 4. Manjistha Churna: Take 3 g twice daily after meals for 6 weeks — addresses Pitta-aggravated blood conditions causing MCH elevation. | 5. Note: High MCH often coexists with high MCV (B12/folate deficiency) — Shatavari Churna 5 g with milk twice daily for 8 weeks supports gut health for improved B-vitamin absorption."";""1. Increase hydration significantly — 3–3.5 litres daily. | 2. Avoid alcohol completely — primary dietary driver of elevated MCH (macrocytosis). | 3. Practice Sheetali Pranayama for 10 minutes daily. | 4. Ensure adequate Vitamin B12 and folate are addressed — high MCH typically indicates megaloblastic change. | 5. Follow a consistent daily routine with regular meal and sleep timings to stabilise metabolic function."";""1. Avoid alcohol entirely — directly causes macrocytosis and elevated MCH. | 2. Eat folate-rich foods: dal", leafy greens, broccoli, and asparagus at every meal. | 3. Include B12-rich foods: dairy, eggs daily. | 4. Consume cooling, blood-purifying foods: pomegranate, coriander, coconut water," and buttermilk. | 5. Avoid iron-fortified foods during this period.""",,,,,,,,,,,,,,,,,,,,
"CBC;MCHC (Mean Corpuscular Hb Concentration);Low;""1. Punarnava Mandur: Take 2 tablets twice daily after meals with warm water for 8 weeks — raises intracellular haemoglobin concentration by correcting iron deficiency. | 2. Lohasava: Take 15 ml with equal water twice daily after meals for 6–8 weeks — replenishes iron enabling normal MCHC. | 3. Mandur Bhasma: Take 250 mg twice daily with buttermilk after meals for 6 weeks — directly boosts intracellular haemoglobin synthesis. | 4. Amla Juice: Take 20 ml with equal water every morning on empty stomach for 6 weeks — Vitamin C maximises iron absorption for haemoglobin synthesis. | 5. Ashwagandha Churna: Take 3 g with warm milk at bedtime for 6 weeks — supports bone marrow production of well-haemoglobinised RBCs."";""1. Avoid tea and coffee with meals — tannins block the iron absorption needed for MCHC restoration. | 2. Cook in iron cookware to passively supplement iron. | 3. Practice Anulom Vilom Pranayama for 15 minutes daily to reduce tissue hypoxia from low MCHC. | 4. Maintain regular"," consistent meal timings to optimise digestive Agni for nutrient absorption. | 5. Avoid antacids around mealtimes — reduce stomach acid needed for iron absorption."";""1. Prioritise iron and protein simultaneously at every meal. | 2. Pair iron foods with Vitamin C at every meal. | 3. Eat iron-rich foods: spinach", horse gram, black sesame, pomegranate, jaggery," and raisins daily. | 4. Soak and sprout all legumes before cooking to increase iron bioavailability. | 5. Drink 200 ml pomegranate juice every morning on empty stomach.""",,,,,,,,,,,,,,,,,,,,,,
"CBC;MCHC (Mean Corpuscular Hb Concentration);High;""1. Triphala Churna: Take 5 g with warm water at bedtime for 8 weeks — detoxifies blood", reduces haemoconcentration," and normalises RBC haemoglobin concentration. | 2. Guduchi Swarasa: Take 20 ml with equal water every morning on empty stomach for 6 weeks — Raktashodhak correcting qualitative excess within RBCs. | 3. Neem Capsules: Take 500 mg twice daily after meals for 4 weeks — reduces RBC membrane oxidative stress driving elevated MCHC. | 4. Manjistha Churna: Take 3 g twice daily after meals for 6 weeks — premier blood-purifying herb for Pitta-aggravated RBC conditions. | 5. Kumari Swarasa (Aloe Vera): Take 30 ml fresh juice with a pinch of turmeric every morning on empty stomach for 4 weeks — normalises RBC morphology and spleen function."";""1. Increase hydration to 3–3.5 litres daily — dehydration is the most common cause of elevated MCHC; rehydration normalises it rapidly. | 2. Practice Sheetali Pranayama for 10 minutes daily — cools Pitta excess in Rakta Dhatu. | 3. Avoid excessive heat", saunas," and intense exercise that causes fluid loss and haemoconcentration. | 4. Sleep in a well-ventilated room — oxygen saturation disorders worsen MCHC elevation. | 5. Avoid alcohol and smoking."";""1. Prioritise cooling", hydrating foods: cucumber, coconut water (200 ml daily), buttermilk, bottle gourd. | 2. Eat pomegranate daily — normalises RBC membrane integrity. | 3. Avoid red meat and iron supplements. | 4. Include anti-oxidant-rich foods: berries, amla, and green tea. | 5. Avoid spicy, fried," and Pitta-aggravating foods during treatment.""",,,,,,,,,,,,,,,,
"CBC;RDW-CV;Low;""1. Chyawanprash: Take 2 teaspoons with warm milk every morning for 12 weeks — very low RDW-CV is rare and generally benign"," but Chyawanprash supports overall haematological normalcy. | 2. Ashwagandha Churna: Take 3 g with warm milk at bedtime for 6 weeks — supports balanced RBC production across all size ranges. | 3. Shatavari Churna: Take 5 g with warm milk twice daily for 6 weeks — Rasayana that nourishes all Dhatus ensuring balanced RBC production."";""1. Low RDW-CV is generally considered benign but may indicate thalassaemia trait — consult a physician for further evaluation. | 2. Follow a balanced Dinacharya (daily routine) with consistent mealtimes. | 3. Practice moderate yoga and Pranayama for 30 minutes daily to maintain haematopoietic balance. | 4. Avoid iron overloading — excess iron supplementation can paradoxically reduce RDW."";""1. Maintain a balanced", diverse diet with all micronutrients. | 2. Avoid excessive iron supplementation without testing. | 3. Include balanced portions of iron, B12," and folate sources at each meal. | 4. Do not restrict any food group — dietary diversity is the most important recommendation for maintaining normal RDW.""",,,,,,,,,,,,,,,,,,,,,,,,
"CBC;RDW-CV;High;""1. Punarnava Mandur: Take 2 tablets twice daily after meals for 8 weeks — addresses the iron deficiency component of elevated RDW-CV", the most common cause. | 2. Ashwagandha Churna: Take 5 g with warm milk at bedtime for 8 weeks — supports bone marrow in producing uniformly sized RBCs reducing anisocytosis. | 3. Shatavari Churna: Take 5 g with warm milk twice daily for 8 weeks — supports gut mucosa for improved B12 and folate absorption," both deficiencies driving high RDW. | 4. Triphala Churna: Take 3 g with warm water at bedtime for 6 weeks — improves gut health and nutrient absorption correcting multi-deficiency states causing elevated RDW. | 5. Chyawanprash: Take 2 teaspoons with warm milk every morning for 12 weeks — comprehensive multi-nutrient support normalising RBC size distribution."";""1. Elevated RDW-CV indicates mixed nutritional deficiencies (iron + B12/folate) — address ALL simultaneously", not just one. | 2. Avoid alcohol — worsens both iron and folate deficiency. | 3. Practice Dinacharya strictly — consistent mealtimes and sleep cycles optimise nutrient absorption. | 4. Identify and address any bleeding source (GI bleed," heavy menstruation) with a physician. | 5. Practice Anulom Vilom Pranayama for 15 minutes daily to compensate for reduced oxygen carrying capacity."";""1. Eat iron AND folate AND B12 sources at the same meal wherever possible — mixed deficiency requires comprehensive nutritional correction. | 2. Include iron: spinach", sesame seeds, jaggery, pomegranate. | 3. Include folate: moong dal, kidney beans, broccoli, asparagus. | 4. Include B12: dairy, eggs," fermented foods. | 5. Pair all iron foods with Vitamin C. | 6. Soak and sprout all legumes and grains before consuming.""",,,,,,,,,,,,,,,,
"CBC;RDW-SD;Low;""1. Chyawanprash: Take 2 teaspoons with warm milk every morning for 8 weeks — supports balanced haematopoiesis. | 2. Ashwagandha Churna: Take 3 g with warm milk at bedtime for 6 weeks — maintains Dhatu balance. | 3. Note: Low RDW-SD is generally benign and may indicate thalassaemia minor — further evaluation recommended."";""1. Low RDW-SD is rarely clinically significant — maintain general health through regular Dinacharya. | 2. If thalassaemia trait suspected"," consult haematologist. | 3. Avoid iron supplementation without confirmed deficiency."";""1. Maintain a balanced nutritious diet. | 2. Avoid excess iron supplementation. | 3. Include diverse grains", legumes," and vegetables daily.""",,,,,,,,,,,,,,,,,,,,,,,,,
"CBC;RDW-SD;High;""1. Punarnava Mandur: Take 2 tablets twice daily after meals for 8 weeks — corrects iron deficiency causing anisocytosis and elevated RDW-SD. | 2. Shatavari Churna: Take 5 g with warm milk twice daily for 8 weeks — improves gut absorption of B12 and folate. | 3. Triphala Churna: Take 3 g at bedtime for 6 weeks — improves gut health ensuring better nutrient absorption. | 4. Chyawanprash: Take 2 teaspoons with warm milk every morning for 12 weeks. | 5. Ashwagandha Churna: Take 5 g with warm milk at bedtime for 8 weeks — supports bone marrow in producing uniformly sized RBCs."";""1. Address all underlying nutritional deficiencies simultaneously. | 2. Avoid alcohol. | 3. Practice consistent Dinacharya with regular mealtimes. | 4. Rule out haemolysis", recent blood transfusion," and iron deficiency anaemia with physician. | 5. Practice Pranayama (Anulom Vilom 15 minutes daily)."";""1. Eat a comprehensive multi-nutrient diet covering iron", B12," and folate simultaneously. | 2. Include fermented foods for gut microbiome support. | 3. Avoid tea and coffee with meals. | 4. Eat sprouted legumes daily for maximum mineral bioavailability.""",,,,,,,,,,,,,,,,,,,,,,,,
"CBC;WBC (Total Leucocytes Count);Low;""1. Guduchi Ghanvati: Take 500 mg twice daily with warm water after meals for 6–8 weeks — the supreme immunomodulator in Ayurveda", directly stimulates leukocyte production. | 2. Ashwagandha Churna: Take 5 g with warm milk and honey at bedtime for 8 weeks — adaptogen that reduces cortisol and stimulates bone marrow to increase WBC count. | 3. Tulsi Swarasa: Crush 10–15 fresh Tulsi leaves, extract 15 ml juice, mix with equal warm water and 1 teaspoon honey, consume every morning on empty stomach for 6 weeks. | 4. Shilajit (Purified): Take 250–500 mg with warm milk once daily in morning for 8 weeks — rich in fulvic acid," powerfully stimulates bone marrow. | 5. Neem Capsules: Take 500 mg twice daily after meals for 4–6 weeks — anti-infective and immunostimulant raising WBC count. | 6. Amalaki Rasayana: Take 10 g twice daily with warm water for 8 weeks — Amla's Vitamin C is a potent stimulator of WBC production. | 7. Chyawanprash: Take 2 teaspoons with warm milk every morning for 12 weeks."";""1. Follow Dinacharya: wake by 6 AM", practice oil pulling with sesame oil for 5 minutes, scrape tongue with copper scraper. | 2. Practice Surya Namaskar (12 rounds) daily — stimulates lymphatic system, thymus, and spleen, primary WBC production organs. | 3. Perform Bhastrika Pranayama for 5 minutes followed by 5 minutes Anulom Vilom — activates lymphatic system and innate immunity. | 4. Sleep 7–9 hours — 70% of immune cell production occurs during deep sleep. | 5. Avoid alcohol, smoking," and radiation exposure. | 6. Perform daily Abhyanga (self-massage with warm sesame oil) for 10–15 minutes before bathing. | 7. Manage stress rigorously — chronic stress is one of the most potent suppressors of WBC production."";""1. Consume 2–3 raw garlic cloves daily with warm water every morning — allicin directly stimulates lymphocyte and macrophage proliferation. | 2. Chew 5–7 fresh Tulsi leaves every morning on empty stomach. | 3. Drink turmeric milk (Golden Milk) every night before bed: 250 ml cow milk with 1/2 teaspoon turmeric", pinch of black pepper, 1/2 teaspoon ashwagandha. | 4. Eat pumpkin seeds (30 g daily) — rich in zinc," critical for WBC production and maturation. | 5. Include 1 bowl fresh homemade curd and 200 ml buttermilk with lunch daily — probiotics strengthen gut-associated lymphoid tissue. | 6. Eat mushrooms (shiitake or button) 2–3 times per week — beta-glucans powerfully stimulate macrophage and NK cell activity. | 7. Avoid white sugar — suppresses neutrophil activity by up to 50%.""",,,,,,,,,,,,,
"CBC;WBC (Total Leucocytes Count);High;""1. Guduchi (Giloy) Swarasa: Take 20 ml with equal water every morning on empty stomach for 6 weeks — powerful anti-inflammatory and immunomodulator that normalises aberrant leukocyte proliferation. | 2. Neem Capsules: Take 500 mg twice daily after meals for 4–6 weeks — anti-infective that eliminates the infection driving leukocytosis. | 3. Triphala Churna: Take 5 g with warm water at bedtime for 8 weeks — detoxifies blood and reduces Ama-driven inflammatory leukocytosis. | 4. Manjistha Churna: Take 3 g twice daily after meals for 6 weeks — Rakta Shodhana herb that reduces inflammation in blood. | 5. Turmeric Milk: Take 250 ml warm cow milk with 1 teaspoon turmeric and pinch of black pepper every night for 8 weeks — curcumin's powerful anti-inflammatory action reduces inflammatory WBC elevation. | 6. Note: High WBC requires urgent physician evaluation to rule out serious infection", leukaemia," or inflammatory disease — Ayurvedic remedies are supportive only."";""1. Identify and treat the underlying infection or inflammatory cause urgently with a physician — leukocytosis is a symptom"," not a standalone diagnosis. | 2. Rest adequately — physical stress worsens inflammatory leukocytosis. | 3. Avoid all immunostimulants during active leukocytosis. | 4. Manage fever with Sheetali Pranayama and cooling measures. | 5. Avoid smoking — raises baseline WBC count. | 6. Reduce psychological stress through meditation and Yoga Nidra."";""1. Focus on anti-inflammatory foods: turmeric", ginger, garlic, and omega-3-rich flaxseeds and walnuts. | 2. Drink warm ginger-tulsi tea 3 times daily. | 3. Avoid sugar, processed foods, and refined carbohydrates — all promote systemic inflammation. | 4. Eat light, easily digestible foods (khichdi, dal," steamed vegetables) to reduce Ama formation. | 5. Stay well hydrated — 3 litres of warm water daily to support lymphatic clearance. | 6. Avoid cold and refrigerated foods — increase Ama and suppress Agni.""",,,,,,,,,,,,,,,,,
"CBC;Neutrophils%;Low;""1. Ashwagandha Churna: Take 5 g with warm milk at bedtime for 8 weeks — stimulates bone marrow granulocyte production. | 2. Guduchi Ghanvati: Take 500 mg twice daily after meals for 6 weeks — directly stimulates neutrophil production and activity. | 3. Shilajit (Purified): Take 250 mg with warm milk every morning for 8 weeks — fulvic acid stimulates innate immune cell production. | 4. Chyawanprash: Take 2 teaspoons with warm milk every morning for 12 weeks. | 5. Amalaki Rasayana: Take 10 g twice daily with warm water for 8 weeks."";""1. Avoid all infections — neutropenia makes you highly vulnerable to bacterial infections; maintain strict hand hygiene. | 2. Avoid raw or undercooked foods during neutropenic phase. | 3. Sleep 8 hours minimum. | 4. Manage stress rigorously. | 5. Avoid alcohol and smoking. | 6. Practice moderate yoga and Pranayama — do not do intense exercise during neutropenic states."";""1. Eat zinc-rich foods generously: pumpkin seeds", sesame seeds, cashews," lentils — zinc is the most critical mineral for neutrophil production. | 2. Include garlic and ginger at every meal for natural anti-infective protection during low neutrophil state. | 3. Eat fresh turmeric and black pepper daily. | 4. Avoid raw salads and unwashed fruits during neutropenic phase. | 5. Include probiotic foods: curd and buttermilk daily.""",,,,,,,,,,,,,,,,,,,,,,,,,
"CBC;Neutrophils%;High;""1. Guduchi Swarasa: Take 20 ml with equal water every morning for 6 weeks — immunomodulator that normalises neutrophil count by addressing underlying infection or inflammation. | 2. Neem Capsules: Take 500 mg twice daily after meals for 4–6 weeks — addresses bacterial infections driving neutrophilia. | 3. Triphala Churna: Take 5 g with warm water at bedtime for 6 weeks — reduces Ama and systemic inflammation. | 4. Turmeric Milk: Every night for 8 weeks — powerful anti-inflammatory reducing the inflammatory signal driving neutrophilia."";""1. Identify and treat the underlying bacterial infection or inflammatory condition. | 2. Rest — physical and emotional stress are common causes of reactive neutrophilia. | 3. Reduce acute psychological stress — stress hormones (cortisol"," adrenaline) directly cause neutrophilia. | 4. Practice deep abdominal breathing and Yoga Nidra for 20 minutes daily."";""1. Eat anti-inflammatory foods: ginger", garlic, turmeric, and omega-3-rich foods. | 2. Avoid sugar and processed foods. | 3. Eat light, easily digestible meals: khichdi, moong dal," steamed vegetables. | 4. Stay well hydrated with warm water and herbal teas.""",,,,,,,,,,,,,,,,,,,,,
"CBC;Lymphocytes%;Low;""1. Ashwagandha Churna: Take 5 g with warm milk at bedtime for 8 weeks — powerful adaptogen that restores lymphocyte counts depleted by chronic stress or illness. | 2. Guduchi Ghanvati: Take 500 mg twice daily after meals for 8 weeks — directly stimulates lymphocyte production. | 3. Amalaki Rasayana: Take 10 g twice daily with warm water for 8 weeks — Vitamin C is critical for lymphocyte maturation and proliferation. | 4. Shatavari Churna: Take 5 g with warm milk twice daily for 8 weeks — Rasayana that restores depleted immune cell populations. | 5. Chyawanprash: Take 2 teaspoons with warm milk every morning for 12 weeks."";""1. Reduce chronic stress urgently — cortisol directly causes lymphopenia (low lymphocytes); this is one of the most common causes. | 2. Sleep 8–9 hours minimum every night — lymphocyte production peaks during deep sleep. | 3. Avoid excessive exercise — overtraining causes transient lymphopenia. | 4. Perform daily Abhyanga (warm sesame oil massage) for 10–15 minutes — activates lymphatic system. | 5. Practice Yoga Nidra for 30 minutes daily — the most powerful stress-reduction technique for lymphocyte recovery."";""1. Eat zinc-rich foods: pumpkin seeds", sesame, cashews," lentils. | 2. Include Vitamin C sources at every meal. | 3. Consume probiotic foods daily: curd and buttermilk. | 4. Eat mushrooms 2–3 times weekly. | 5. Include Tulsi leaves and turmeric daily. | 6. Avoid sugar and processed foods.""",,,,,,,,,,,,,,,,,,,,,,,,,
"CBC;Lymphocytes%;High;""1. Guduchi Swarasa: Take 20 ml with equal water every morning for 6 weeks — immunomodulator normalising aberrant lymphocyte counts. | 2. Neem Capsules: Take 500 mg twice daily after meals for 4–6 weeks — anti-viral and anti-infective addressing the cause of reactive lymphocytosis. | 3. Triphala Churna: Take 5 g at bedtime for 6 weeks — reduces systemic inflammation and Ama. | 4. Note: High lymphocytes usually indicate viral infection — treat the underlying cause; rarely indicates lymphocytic leukaemia requiring urgent physician evaluation."";""1. Physician evaluation is mandatory for persistently high lymphocytes to rule out leukaemia or chronic viral infection. | 2. Rest adequately and avoid immunostimulants. | 3. Practice Sheetali Pranayama and cooling Yoga to reduce Pitta-driven immune overactivation. | 4. Manage stress — paradoxically"," chronic stress can drive lymphocytosis through autonomic nervous system pathways."";""1. Eat cooling", anti-inflammatory foods. | 2. Avoid immunostimulants: ashwagandha, shilajit, and mushrooms during active lymphocytosis. | 3. Focus on light," easily digestible foods. | 4. Stay well hydrated.""",,,,,,,,,,,,,,,,,,,,,,,
"CBC;Eosinophils%;Low;""1. Guduchi Ghanvati: Take 500 mg twice daily after meals for 6 weeks — general immunomodulator maintaining healthy immune cell balance. | 2. Chyawanprash: Take 2 teaspoons with warm milk every morning for 8 weeks. | 3. Note: Low eosinophils are rarely clinically significant unless associated with Cushing syndrome or steroid use."";""1. Review any steroid or cortisol-elevating medications with your physician. | 2. Manage stress — high cortisol suppresses eosinophil count. | 3. Maintain general health through regular Dinacharya and Pranayama."";""1. Maintain a balanced"," anti-inflammatory diet. | 2. Avoid long-term use of excessive licorice (Yashtimadhu) without physician guidance — can mimic aldosteronism suppressing eosinophils.""",,,,,,,,,,,,,,,,,,,,,,,,,,,
"CBC;Eosinophils%;High;""1. Haridra (Turmeric) Capsules: Take 500 mg twice daily after meals with warm water for 6–8 weeks — curcumin is a powerful anti-allergic and anti-parasitic agent directly reducing eosinophilia. | 2. Neem Capsules: Take 500 mg twice daily after meals for 4–6 weeks — anti-parasitic and anti-allergic"," addresses the most common causes of elevated eosinophils. | 3. Triphala Churna: Take 3 g at bedtime for 8 weeks — anti-parasitic deworming effect reduces parasitic eosinophilia. | 4. Guduchi Ghanvati: Take 500 mg twice daily for 6 weeks — immunomodulator that normalises aberrant eosinophil production. | 5. Vidanga (Embelia ribes) Churna: Take 3 g with warm water twice daily for 4 weeks — classically used in Ayurveda as a Krumighna (anti-parasitic) herb directly addressing parasitic eosinophilia. | 6. Haritaki Churna: Take 3 g with warm water at bedtime for 4 weeks — gentle deworming and gut-cleansing action reduces parasitic and allergic eosinophilia."";""1. Rule out intestinal parasites with stool examination — the most common cause of eosinophilia in India. | 2. Identify and eliminate allergens: dust mites", pet dander, pollens," and food allergens (commonly wheat and dairy). | 3. Practice Neti (nasal rinsing with warm saline) daily if respiratory allergy is suspected — reduces allergen load. | 4. Avoid damp living environments — moulds are a major trigger of eosinophilia. | 5. Practice Anulom Vilom Pranayama for 15 minutes daily — stabilises immune system and reduces allergic reactivity. | 6. Use a Neem-based air purifier or burn Neem leaves periodically — reduces indoor allergen and microbial load."";""1. Follow a strict anti-allergic elimination diet — remove the most common allergens one at a time: wheat", dairy, eggs, shellfish. | 2. Eat Neem chutney (4–5 fresh Neem leaves ground with coconut and lime) with lunch 3–4 times weekly — anti-parasitic and anti-allergic. | 3. Include turmeric in every meal. | 4. Avoid highly processed foods, artificial preservatives," and food colours — common eosinophilia triggers. | 5. Eat raw papaya (100 g daily on empty stomach) — contains papain which is anti-parasitic. | 6. Drink warm water with 1/4 teaspoon carom seeds (ajwain) every morning — anti-parasitic and digestive.""",,,,,,,,,,,,,,,,,,,
"CBC;Basophils%;Low;""1. Chyawanprash: Take 2 teaspoons with warm milk every morning for 8 weeks. | 2. Ashwagandha Churna: Take 3 g with warm milk at bedtime for 6 weeks. | 3. Note: Low basophils are extremely rare and almost never clinically significant; treat underlying condition if known."";""1. Low basophils are rarely significant. | 2. Maintain general health through Dinacharya and Pranayama. | 3. If associated with hyperthyroidism"," address thyroid health (see Thyroid section)."";""1. Maintain a balanced"," nutritious diet. | 2. Include anti-inflammatory and immune-supporting foods.""",,,,,,,,,,,,,,,,,,,,,,,,,,
"CBC;Basophils%;High;""1. Haridra Capsules: Take 500 mg twice daily after meals for 6 weeks — anti-allergic and anti-inflammatory"," reduces basophil activation. | 2. Guduchi Ghanvati: Take 500 mg twice daily after meals for 6 weeks — immunomodulator. | 3. Note: Persistently high basophils require urgent physician evaluation to rule out chronic myeloid leukaemia — Ayurvedic remedies are purely supportive."";""1. Urgent physician evaluation is mandatory for persistently elevated basophils. | 2. Identify and eliminate allergens. | 3. Avoid all immunostimulants. | 4. Practice cooling Pranayama (Sheetali) and gentle yoga only."";""1. Eat anti-allergic", cooling foods. | 2. Avoid shellfish, cold water fish," and other high-histamine foods. | 3. Avoid fermented foods during active basophilia.""",,,,,,,,,,,,,,,,,,,,,,,,
"CBC;Platelet Count;Low;""1. Papaya Leaf Extract: Take 25 ml of fresh papaya leaf juice every morning on empty stomach for 2–4 weeks — the most clinically validated natural thrombocytopenic remedy"," directly stimulates thrombopoiesis. | 2. Giloy (Guduchi) Swarasa: Take 20 ml with equal water every morning for 6 weeks — stimulates platelet production and is the classical Ayurvedic remedy for dengue-related thrombocytopenia. | 3. Wheat Grass Juice: Take 30 ml every morning on empty stomach for 4 weeks — rich in chlorophyll and minerals supporting bone marrow platelet production. | 4. Ashwagandha Churna: Take 5 g with warm milk at bedtime for 8 weeks — bone marrow stimulant supporting thrombopoiesis. | 5. Chyawanprash: Take 2 teaspoons with warm milk every morning for 12 weeks. | 6. Amalaki Rasayana: Take 10 g twice daily with warm water for 6 weeks — Vitamin C protects platelets from oxidative destruction."";""1. Avoid aspirin", ibuprofen," and other NSAIDs completely — severely worsen thrombocytopenia. | 2. Avoid alcohol completely — directly suppresses platelet production and increases bleeding risk. | 3. Avoid contact sports and injury risk during thrombocytopenic phase. | 4. Use only soft-bristle toothbrushes to avoid gum bleeding. | 5. Practice gentle yoga and walking only — no high-intensity exercise. | 6. Sleep 8–9 hours minimum — bone marrow platelet production peaks during deep sleep."";""1. Eat papaya (ripe fruit 200 g daily) and drink fresh papaya leaf juice every morning. | 2. Include pumpkin and pumpkin seeds daily — zinc and Vitamin K2 support platelet production. | 3. Eat dark green vegetables (spinach", methi," drumstick leaves) — rich in Vitamin K essential for platelet function. | 4. Consume pomegranate juice (200 ml) daily. | 5. Include sesame seeds and flaxseeds daily — omega-3 and zinc support thrombopoiesis. | 6. Avoid alcohol entirely. | 7. Drink coconut water (200 ml) twice daily.""",,,,,,,,,,,,,,,,,,,,,,,
"CBC;Platelet Count;High;""1. Triphala Churna: Take 5 g with warm water at bedtime for 8 weeks — detoxifies blood", reduces reactive thrombocytosis from inflammation. | 2. Guduchi Swarasa: Take 20 ml with equal water every morning for 6 weeks — anti-inflammatory immunomodulator addressing reactive thrombocytosis. | 3. Turmeric Milk: 250 ml warm milk with 1 teaspoon turmeric and pinch of black pepper every night for 8 weeks — curcumin is a natural platelet aggregation inhibitor. | 4. Ginger Tea: Boil 1-inch fresh ginger in 400 ml water, reduce, add honey," drink twice daily for 6 weeks — ginger is a natural antiplatelet agent. | 5. Arjuna Churna: Take 3 g with warm water twice daily for 6 weeks — Arjuna has antiplatelet and cardioprotective properties reducing thrombocytosis-associated cardiovascular risk."";""1. Physician evaluation mandatory if platelets are above 600","000 — essential thrombocythaemia requires medical management. | 2. Stay very well hydrated — 3–3.5 litres daily to reduce blood viscosity and thrombosis risk from high platelets. | 3. Avoid prolonged immobility — increases clot risk with high platelet count. | 4. Practice Pranayama and gentle walking daily to maintain healthy circulation. | 5. Avoid smoking and dehydration — both worsen platelet aggregation."";""1. Include natural antiplatelet foods generously: garlic (2 raw cloves daily)", ginger, turmeric," and omega-3-rich flaxseeds and walnuts. | 2. Eat tomatoes and onions daily — contain quercetin which inhibits platelet aggregation. | 3. Drink pomegranate juice (200 ml daily) — polyphenols are natural antiplatelet agents. | 4. Avoid iron supplements if iron stores are normal. | 5. Stay well hydrated. | 6. Avoid excessive red meat and processed foods.""",,,,,,,,,,,,,,,,,,,,
"CBC;MPV (Mean Platelet Volume);Low;""1. Ashwagandha Churna: Take 5 g with warm milk at bedtime for 6 weeks — supports bone marrow production of larger"," more metabolically active platelets. | 2. Chyawanprash: Take 2 teaspoons with warm milk every morning for 8 weeks. | 3. Note: Low MPV may indicate bone marrow underproduction — consult a physician."";""1. Ensure adequate iron and B12 status — deficiency states produce smaller"," less active platelets. | 2. Sleep 8 hours minimum. | 3. Avoid alcohol and smoking."";""1. Eat zinc and iron-rich foods daily. | 2. Include B12 and folate sources at every meal. | 3. Eat omega-3-rich foods: walnuts and flaxseeds daily — omega-3 is associated with larger"," healthier platelet production.""",,,,,,,,,,,,,,,,,,,,,,,,,
"CBC;MPV (Mean Platelet Volume);High;""1. Triphala Churna: Take 5 g with warm water at bedtime for 6 weeks — reduces inflammatory states driving large platelet production. | 2. Arjuna Churna: Take 3 g with warm water twice daily for 6 weeks — antiplatelet and cardioprotective. | 3. Turmeric Milk: Every night for 8 weeks — curcumin reduces platelet activation and aggregation. | 4. Ginger Tea: Twice daily for 6 weeks — natural antiplatelet agent reducing MPV-associated cardiovascular risk."";""1. High MPV is an independent cardiovascular risk factor — address associated metabolic conditions (diabetes", hypertension," dyslipidaemia). | 2. Stay well hydrated (3 litres daily). | 3. Exercise moderately for 30–40 minutes daily. | 4. Avoid smoking — strongly associated with elevated MPV. | 5. Manage stress with daily meditation."";""1. Eat anti-inflammatory", antiplatelet foods: garlic, ginger, turmeric," and omega-3-rich walnuts and flaxseeds. | 2. Eat tomatoes and onions daily. | 3. Drink pomegranate juice (200 ml daily). | 4. Avoid processed and fried foods. | 5. Reduce red meat and saturated fats.""",,,,,,,,,,,,,,,,,,,,,,
"Blood;ESR (Erythrocyte Sedimentation Rate);Low;""1. Ashwagandha Churna: Take 5 g with warm milk at bedtime for 6 weeks — adaptogen that supports normal blood protein balance affecting ESR. | 2. Note: Low ESR is rarely clinically significant; may indicate polycythaemia — treat the underlying condition."";""1. Ensure adequate hydration. | 2. Low ESR is usually benign — focus on maintaining overall health through Dinacharya. | 3. Consult physician if polycythaemia is suspected."";""1. Stay well hydrated. | 2. Maintain a balanced diet. | 3. Avoid iron excess supplementation.""",,,,,,,,,,,,,,,,,,,,,,,,,,,,
"Blood;ESR (Erythrocyte Sedimentation Rate);High;""1. Guduchi (Giloy) Swarasa: Take 20 ml with equal water every morning on empty stomach for 8 weeks — the most powerful Ayurvedic anti-inflammatory that directly reduces elevated ESR by addressing the acute phase protein response. | 2. Turmeric (Haridra) Capsules: Take 500 mg twice daily after meals for 8 weeks — curcumin is a scientifically validated COX-2 inhibitor that reduces the inflammatory response driving ESR elevation. | 3. Boswellia (Shallaki) Capsules: Take 400 mg twice daily after meals for 8 weeks — a potent anti-inflammatory herb (5-LOX inhibitor) directly reducing the systemic inflammation causing elevated ESR. | 4. Triphala Churna: Take 5 g with warm water at bedtime for 6 weeks — reduces Ama (inflammatory toxins)", detoxifies blood, and normalises acute phase proteins. | 5. Ginger (Shunthi) Decoction: Boil 5 g dry ginger powder in 400 ml water, reduce to 100 ml," filter and drink lukewarm twice daily after meals for 6 weeks — potent anti-inflammatory and Ama-reducing Ayurvedic formulation. | 6. Manjistha Churna: Take 3 g twice daily after meals for 6 weeks — reduces systemic inflammation in blood."";""1. Identify and treat the underlying cause of inflammation — elevated ESR is always a symptom", not a standalone disease. | 2. Practice anti-inflammatory lifestyle: reduce psychological stress with daily 20-minute meditation," as cortisol amplifies ESR. | 3. Avoid all deep-fried and excessively spicy foods — increase systemic inflammation. | 4. Sleep 7–8 hours in a consistent cycle. | 5. Practice gentle Yoga (not intense cardio) for 30 minutes daily — reduces systemic inflammatory markers. | 6. Apply warm sesame oil (Abhyanga) to joints if musculoskeletal inflammation is the cause. | 7. Avoid cold and damp environments which aggravate Vata and worsen inflammatory conditions."";""1. Follow a strict anti-inflammatory diet: turmeric", ginger, garlic, and omega-3-rich foods at every meal. | 2. Eat light, easily digestible foods: moong dal khichdi, steamed vegetables, and Chapati with ghee — reduces Ama formation. | 3. Avoid sugar, refined carbohydrates," and processed foods — all amplify systemic inflammation. | 4. Drink warm ginger-tulsi-honey tea twice daily. | 5. Include 1 tablespoon of flaxseeds or 4–5 walnuts daily for omega-3 anti-inflammatory effect. | 6. Avoid cold drinks and refrigerated foods — increase Ama. | 7. Eat turmeric rice (cook rice with 1/2 teaspoon turmeric and ghee) at least once daily.""",,,,,,,,,,,,,,
"Diabetes;HbA1c;Low;""1. Note: HbA1c below 4% may indicate haemolytic anaemia or falsely low reading due to haemoglobin variants — Ayurvedic focus shifts to treating anaemia. Punarnava Mandur: Take 2 tablets twice daily for 8 weeks. | 2. Shatavari Churna: Take 5 g with warm milk twice daily for 8 weeks. | 3. Avoid excessive sugar restriction if HbA1c is genuinely low — risk of hypoglycaemia."";""1. Rule out haemolytic anaemia as cause of falsely low HbA1c with physician. | 2. If on diabetes medication"," review doses with physician to avoid hypoglycaemia. | 3. Eat at regular intervals — never skip meals."";""1. Include complex carbohydrates at every meal to maintain blood glucose stability. | 2. Never skip meals. | 3. Avoid fasting for more than 4 hours during treatment.""",,,,,,,,,,,,,,,,,,,,,,,,,,,
"Diabetes;HbA1c;High;""1. Vijaysar (Pterocarpus marsupium) Churna: Fill a Vijaysar wooden cup with water overnight", drink the reddish water first thing in the morning on empty stomach for 12 weeks — the most validated Ayurvedic anti-diabetic herb, regenerates pancreatic beta cells and significantly reduces HbA1c. | 2. Gurmar (Gymnema sylvestre) Capsules: Take 400 mg twice daily before meals for 12 weeks — called the 'sugar destroyer'; blocks glucose absorption in intestine and stimulates insulin production. | 3. Bitter Gourd (Karela) Juice: Take 30 ml of fresh bitter gourd juice with equal water every morning on empty stomach for 12 weeks — contains charantin and polypeptide-p which mimic insulin action. | 4. Fenugreek (Methi) Seeds: Soak 2 tablespoons of fenugreek seeds overnight in 200 ml water, drink the water and eat the seeds every morning on empty stomach for 12 weeks — rich in soluble fibre that slows glucose absorption and reduces HbA1c significantly. | 5. Turmeric Milk: 250 ml warm milk with 1 teaspoon turmeric and pinch of black pepper every night — curcumin improves insulin sensitivity. | 6. Jamun (Syzygium cumini) Seed Powder: Take 3 g with water twice daily before meals for 12 weeks — Jamun seed powder is a classical Ayurvedic anti-diabetic with proven hypoglycaemic action. | 7. Triphala Churna: Take 5 g with warm water at bedtime for 8 weeks — improves gut health," reduces glycaemic load absorption."";""1. Walk briskly for 45–60 minutes every morning — the single most effective lifestyle intervention for reducing HbA1c (can lower it by 0.5–1% in 3 months). | 2. Avoid all refined carbohydrates and sugars completely — white rice", white bread, sugar, sweets," fruit juices. | 3. Maintain a fixed meal schedule — eat at the same times every day to stabilise insulin response. | 4. Practice Mandukasana (frog pose) for 5 minutes twice daily — specifically stimulates the pancreas and supports insulin secretion. | 5. Manage stress aggressively — stress hormones directly raise blood glucose; daily 20-minute meditation is essential. | 6. Monitor blood glucose at home regularly and keep a food diary. | 7. Sleep 7–8 hours consistently — sleep deprivation raises blood glucose significantly."";""1. Follow a low-glycaemic index diet strictly: replace white rice with millets (jowar", bajra, ragi), replace white bread with whole grain options. | 2. Eat bitter gourd (karela), drumstick (moringa), and fenugreek leaves at every meal — all have proven anti-diabetic properties. | 3. Include cinnamon (1/2 teaspoon) in morning oatmeal or warm water daily — reduces post-meal blood glucose spike. | 4. Eat 2 soaked fenugreek seeds first thing every morning. | 5. Consume 1 tablespoon of apple cider vinegar in warm water before the largest meal of the day. | 6. Increase dietary fibre at every meal: psyllium husk (1 teaspoon in water before meals), whole legumes," and non-starchy vegetables. | 7. Avoid fruit juices — eat whole fruits with their fibre instead. | 8. Eat small frequent meals (every 3–4 hours) to prevent glucose spikes.""",,,,,,,,,,,,,
"Diabetes;Fasting Blood Glucose;Low;""1. Ashwagandha Churna: Take 3 g with warm milk at bedtime — improves adrenal function preventing hypoglycaemic episodes. | 2. Shatavari Churna: Take 5 g with warm milk twice daily — supports pancreatic and adrenal hormonal balance. | 3. Note: True fasting hypoglycaemia requires urgent physician evaluation — Ayurvedic remedies are supportive."";""1. Never skip meals — eat every 3–4 hours without fail. | 2. Always carry a fast-acting glucose source (dates", jaggery) for hypoglycaemic emergencies. | 3. Avoid excessive alcohol. | 4. If on diabetes medication," review doses with physician immediately."";""1. Eat complex carbohydrates at every meal to maintain stable blood glucose. | 2. Always eat a protein + fat + carbohydrate combination at each meal for sustained glucose release. | 3. Include 2 dates or 1 tablespoon jaggery as a mid-morning snack. | 4. Avoid prolonged fasting.""",,,,,,,,,,,,,,,,,,,,,,,,,,
"Diabetes;Fasting Blood Glucose;High;""1. Vijaysar Water: Soak overnight in Vijaysar cup"," drink every morning on empty stomach for 12 weeks. | 2. Karela (Bitter Gourd) Juice: 30 ml with equal water every morning on empty stomach for 12 weeks. | 3. Gurmar Capsules: 400 mg twice daily before meals for 12 weeks. | 4. Jamun Seed Powder: 3 g with water twice daily before meals for 12 weeks. | 5. Methi Seeds (soaked): Drink methi water and eat seeds every morning on empty stomach for 12 weeks. | 6. Turmeric Milk: Every night for 8 weeks. | 7. Triphala Churna: 5 g at bedtime for 8 weeks."";""1. Walk 45–60 minutes every morning without fail. | 2. Avoid refined carbohydrates and sugar completely. | 3. Eat at fixed times every day. | 4. Manage stress with daily meditation. | 5. Monitor blood glucose regularly. | 6. Sleep 7–8 hours — sleep deprivation raises fasting glucose."";""1. Eat only low-glycaemic foods: millets", whole legumes, non-starchy vegetables. | 2. Include anti-diabetic foods: karela, drumstick," fenugreek at every meal. | 3. Add cinnamon to morning routine. | 4. Increase dietary fibre at every meal. | 5. Eat small frequent meals.""",,,,,,,,,,,,,,,,,,,,,,,
"Thyroid;T3 (Triiodothyronine);Low;""1. Kanchnar Guggulu: Take 2 tablets (500 mg each) twice daily after meals with warm water for 12 weeks — the premier Ayurvedic formulation for thyroid disorders"," directly stimulates thyroid function and increases T3 production. | 2. Ashwagandha Churna: Take 5 g with warm milk at bedtime for 12 weeks — a proven adaptogen that significantly raises T3 and T4 levels in hypothyroid states (published clinical evidence exists). | 3. Guggulu (Commiphora mukul) Capsules: Take 500 mg twice daily after meals for 12 weeks — stimulates conversion of T4 to active T3. | 4. Shilajit (Purified): Take 250 mg with warm milk every morning for 12 weeks — improves thyroid receptor sensitivity and supports T3 production. | 5. Brahmi Churna: Take 3 g with warm water twice daily for 8 weeks — supports neurological functions affected by low T3 and reduces thyroid-related fatigue."";""1. Exercise daily for 30–45 minutes — physical activity increases T3 levels by stimulating thyroid hormone secretion and peripheral T4-to-T3 conversion. | 2. Manage stress aggressively — chronic stress raises cortisol which suppresses T3 production; daily meditation is mandatory. | 3. Sleep 8 hours minimum consistently — sleep deprivation significantly reduces T3 levels. | 4. Avoid over-exercising or severe calorie restriction — both dramatically reduce T3 production. | 5. Practice Sarvangasana (shoulder stand) for 5 minutes daily — directly stimulates thyroid gland through increased blood flow to the neck. | 6. Perform Ujjayi Pranayama (Ocean Breath) for 10 minutes daily — vibration in the throat region stimulates thyroid gland function."";""1. Ensure adequate iodine intake: eat iodised salt", seaweed-based supplements (kelp), and dairy daily — iodine is the rate-limiting nutrient for T3 synthesis. | 2. Eat selenium-rich foods: Brazil nuts (2 daily), sunflower seeds, and mushrooms — selenium is essential for the enzyme that converts T4 to active T3. | 3. Avoid raw cruciferous vegetables (cabbage, broccoli, cauliflower) in large quantities — goitrogens block thyroid hormone synthesis; cooking eliminates this effect. | 4. Include zinc-rich foods: pumpkin seeds, sesame, and lentils — zinc deficiency reduces T3 levels. | 5. Avoid soy products in excess — isoflavones in soy interfere with thyroid hormone synthesis. | 6. Eat tyrosine-rich foods: dairy, eggs," and legumes — tyrosine is the amino acid backbone of thyroid hormones.""",,,,,,,,,,,,,,,,,
"Thyroid;T3 (Triiodothyronine);High;""1. Kanchnar Guggulu: Take 2 tablets twice daily after meals for 12 weeks — regulates thyroid gland activity in both hypo and hyperthyroid states; has thyroid-modulating (not stimulating) properties. | 2. Brahmi (Bacopa) Capsules: Take 300 mg twice daily after meals for 8 weeks — reduces the anxiety", palpitations, and nervous system excitation caused by excess T3. | 3. Shankhapushpi Churna: Take 3 g with warm water twice daily for 8 weeks — calms the nervous system overstimulation caused by hyperthyroidism. | 4. Jatamansi Churna: Take 1 g with warm milk at bedtime for 6 weeks — sedative adaptogen reducing the hypermetabolic state of elevated T3. | 5. Note: Hyperthyroidism with high T3 requires urgent medical evaluation — Ayurvedic remedies are adjunctive to, not replacement of," medical treatment."";""1. Avoid all stimulants: caffeine", energy drinks, and stimulant herbs (ashwagandha, shilajit in high doses) — these worsen hyperthyroid symptoms. | 2. Practice Sheetali and Sheetkari Pranayama for 15 minutes daily — cooling Pranayama reduces the hypermetabolic state. | 3. Practice gentle restorative yoga (Yoga Nidra, Shavasana) — avoid dynamic," intense yoga which worsens palpitations and heat intolerance. | 4. Protect bone health — hyperthyroidism accelerates bone loss; weight-bearing gentle exercise is important. | 5. Manage eye symptoms (if present) with cool compresses and Triphala eye wash."";""1. Eat cruciferous vegetables generously (cabbage", broccoli, cauliflower) — their goitrogens naturally suppress excess thyroid hormone synthesis. | 2. Include soy products (tofu, soy milk) moderately — isoflavones suppress thyroid activity. | 3. Eat calcium-rich foods: dairy, ragi, sesame seeds — protects bones from hyperthyroid bone loss. | 4. Avoid iodine-rich foods: iodised salt, seaweed — excess iodine worsens hyperthyroidism. | 5. Eat cooling, light foods: cucumber, coconut water," leafy greens. | 6. Avoid caffeine completely.""",,,,,,,,,,
"Thyroid;T4 (Thyroxine);Low;""1. Kanchnar Guggulu: Take 2 tablets twice daily after meals for 12 weeks. | 2. Ashwagandha Churna: Take 5 g with warm milk at bedtime for 12 weeks — clinical studies show significant T4 elevation with ashwagandha. | 3. Guggulu Capsules: Take 500 mg twice daily after meals for 12 weeks — stimulates T4 secretion. | 4. Shilajit: Take 250 mg with warm milk every morning for 12 weeks. | 5. Brahmi Churna: Take 3 g twice daily for 8 weeks."";""Same as T3 Low — see above."";""Same as T3 Low — see above.""",,,,,,,,,,,,,,,,,,,,,,,,,,,,
"Thyroid;T4 (Thyroxine);High;""1. Kanchnar Guggulu: Take 2 tablets twice daily after meals for 12 weeks — thyroid-modulating formulation. | 2. Brahmi Capsules: Take 300 mg twice daily for 8 weeks. | 3. Shankhapushpi Churna: Take 3 g twice daily for 8 weeks. | 4. Note: High T4 requires urgent medical evaluation for hyperthyroidism."";""Same as T3 High — see above."";""Same as T3 High — see above.""",,,,,,,,,,,,,,,,,,,,,,,,,,,,
"Thyroid;TSH (Thyroid Stimulating Hormone);Low;""1. Brahmi Capsules: Take 300 mg twice daily for 8 weeks — calms the suppressed TSH state associated with hyperthyroidism. | 2. Shankhapushpi Churna: Take 3 g twice daily for 8 weeks. | 3. Kanchnar Guggulu: Take 2 tablets twice daily for 12 weeks. | 4. Note: Low TSH indicates hyperthyroidism or over-replacement in hypothyroid patients on medication — requires medical review."";""1. Physician review of thyroid medications if on levothyroxine — over-treatment causes suppressed TSH. | 2. Avoid all stimulants and stimulating herbs. | 3. Practice cooling"," restorative yoga and Pranayama."";""1. Eat goitrogen-rich cooked cruciferous vegetables. | 2. Avoid excess iodine. | 3. Eat cooling"," light foods.""",,,,,,,,,,,,,,,,,,,,,,,,,,
"Thyroid;TSH (Thyroid Stimulating Hormone);High;""1. Kanchnar Guggulu: Take 2 tablets (500 mg each) twice daily after meals with warm water for 12 weeks — the foundational Ayurvedic formulation for hypothyroidism", reduces TSH by stimulating thyroid gland. | 2. Ashwagandha Churna: Take 5 g with warm milk at bedtime for 12 weeks — reduces TSH significantly by improving thyroid sensitivity and reducing HPA axis overactivation. | 3. Guggulu Capsules: Take 500 mg twice daily after meals for 12 weeks — stimulates thyroid hormone production," reducing compensatory TSH elevation. | 4. Shilajit: Take 250 mg with warm milk every morning for 12 weeks. | 5. Shatavari Churna: Take 5 g with warm milk twice daily for 8 weeks — supports hormonal balance and thyroid-pituitary axis normalisation."";""1. Exercise daily (30–45 minutes moderate aerobic exercise) — reduces TSH by improving thyroid hormone signalling. | 2. Manage stress — chronic HPA axis activation elevates TSH; daily meditation is essential. | 3. Sleep 8 hours minimum. | 4. Practice Sarvangasana for 5 minutes daily — stimulates thyroid blood flow. | 5. Avoid goitrogens (raw cruciferous vegetables) in large quantities. | 6. Take levothyroxine on empty stomach (if prescribed by physician) at least 30–60 minutes before breakfast."";""1. Ensure adequate iodine: iodised salt", dairy daily. | 2. Eat selenium-rich foods: Brazil nuts (2 daily), sunflower seeds. | 3. Eat zinc-rich foods: pumpkin seeds, lentils," sesame. | 4. Avoid raw cruciferous vegetables in large quantities. | 5. Avoid soy products in excess.""",,,,,,,,,,,,,,,,,,,,,,
"Lipid Profile;Total Cholesterol;Low;""1. Ashwagandha Churna: Take 5 g with warm milk at bedtime for 8 weeks — supports healthy cholesterol synthesis for hormone production. | 2. Shatavari Churna: Take 5 g with warm milk twice daily for 8 weeks — nourishes Dhatus including Medas (fat tissue). | 3. Note: Very low cholesterol is rare; associated with malnutrition", hyperthyroidism," or liver disease — treat the underlying cause."";""1. Ensure adequate caloric intake — very low cholesterol often reflects malnutrition. | 2. Address any hyperthyroid state urgently. | 3. Ensure adequate fat intake from healthy sources."";""1. Include healthy fats generously: cow's ghee (1–2 teaspoons daily in cooking)", coconut oil, avocado, and nuts. | 2. Eat adequate protein and complex carbohydrates. | 3. Eat dairy (full fat): milk, paneer," curd daily.""",,,,,,,,,,,,,,,,,,,,,
"Lipid Profile;Total Cholesterol;High;""1. Arjuna Churna: Take 3 g with warm water twice daily for 12 weeks — the premier Ayurvedic cardioprotective herb", clinically proven to reduce total cholesterol. | 2. Guggulu Capsules: Take 500 mg twice daily after meals for 12 weeks — reduces LDL and total cholesterol through bile acid pathway. | 3. Triphala Churna: Take 5 g with warm water at bedtime for 8 weeks — reduces cholesterol absorption in gut and improves bile excretion. | 4. Coriander Seed Decoction: Boil 2 teaspoons coriander seeds in 400 ml water, reduce to 200 ml," drink warm twice daily for 8 weeks — classical cholesterol-reducing preparation. | 5. Garlic: Eat 2–3 raw garlic cloves every morning on empty stomach for 12 weeks — allicin inhibits HMG-CoA reductase (same pathway as statins). | 6. Fenugreek Seeds (soaked): Eat soaked seeds every morning on empty stomach for 12 weeks — soluble fibre (galactomannan) reduces cholesterol absorption."";""1. Walk briskly for 45–60 minutes daily — the single most effective lifestyle intervention for reducing total cholesterol. | 2. Eliminate trans fats and deep-fried foods completely. | 3. Manage stress with daily meditation — cortisol directly stimulates cholesterol synthesis. | 4. Quit smoking — raises LDL and total cholesterol. | 5. Reduce alcohol or eliminate completely. | 6. Maintain healthy body weight — every 10 kg of weight loss reduces total cholesterol by approximately 10 mg/dL."";""1. Follow a predominantly plant-based diet — plant sterols compete with cholesterol absorption. | 2. Increase soluble fibre at every meal: oats", psyllium husk, legumes, apples — soluble fibre binds bile acids in gut reducing cholesterol. | 3. Use cow's ghee in moderation (1 teaspoon daily) instead of vanaspati or margarine. | 4. Include flaxseeds (1 tablespoon ground," daily) and walnuts (4–5 daily) for omega-3. | 5. Eat garlic and onions at every meal. | 6. Drink fenugreek water every morning.""",,,,,,,,,,,,,,,,,,,,,
"Lipid Profile;Triglycerides;Low;""1. Shatavari Churna: Take 5 g with warm milk twice daily for 8 weeks — nourishes depleted Medas (fat) Dhatu. | 2. Ashwagandha Churna: Take 5 g with warm milk at bedtime for 8 weeks. | 3. Note: Very low triglycerides are generally benign — may indicate malabsorption or hyperthyroidism."";""1. Ensure adequate caloric intake. | 2. Include adequate complex carbohydrates and healthy fats. | 3. Rule out hyperthyroidism and malabsorption with physician."";""1. Include healthy fats: ghee", coconut oil, nuts," avocado. | 2. Eat complex carbohydrates and adequate protein. | 3. Include dairy products daily.""",,,,,,,,,,,,,,,,,,,,,,,,,
"Lipid Profile;Triglycerides;High;""1. Guggulu Capsules: Take 500 mg twice daily after meals for 12 weeks — the most validated Ayurvedic hypolipidaemic herb; Guggulsterone directly reduces VLDL and triglyceride synthesis in liver. | 2. Triphala Churna: Take 5 g with warm water at bedtime for 8 weeks — reduces fat absorption and improves lipid metabolism. | 3. Methi (Fenugreek) Seeds: Soak 2 tablespoons overnight"," drink the water and eat seeds every morning on empty stomach for 12 weeks — galactomannan fibre dramatically reduces triglycerides by slowing carbohydrate absorption. | 4. Garlic: Eat 2–3 raw garlic cloves with warm water every morning on empty stomach for 12 weeks — reduces hepatic VLDL synthesis. | 5. Punarnava Churna: Take 3 g with warm water twice daily for 8 weeks — reduces lipid accumulation in liver and blood. | 6. Arjuna Churna: Take 3 g with warm water twice daily for 12 weeks — cardioprotective and anti-dyslipidaemic. | 7. Coriander Seed Decoction: Twice daily for 8 weeks."";""1. Eliminate sugar and refined carbohydrates completely — excess carbohydrates are the primary driver of hypertriglyceridaemia"," not dietary fat. | 2. Eliminate alcohol completely — alcohol is the single most potent dietary trigger for very high triglycerides. | 3. Walk 45–60 minutes daily — aerobic exercise is the most effective lifestyle intervention for reducing triglycerides. | 4. Lose weight if overweight — each kg of weight loss reduces triglycerides by approximately 8 mg/dL. | 5. Manage stress with daily meditation — stress hormones stimulate hepatic triglyceride synthesis. | 6. Control diabetes or pre-diabetes — uncontrolled blood glucose drives hypertriglyceridaemia."";""1. Eliminate all sugar", jaggery, fruit juices, white rice, white bread, and refined carbohydrates — these are directly converted to triglycerides in the liver. | 2. Replace white rice with millets (bajra, jowar, ragi) and white bread with whole grain options. | 3. Increase omega-3 intake dramatically: flaxseeds (1 tablespoon ground daily), walnuts (4–5 daily), and fatty fish for non-vegetarians (3x weekly). | 4. Eat vegetables generously at every meal — especially bitter gourd, drumstick, and leafy greens. | 5. Avoid all fruit juices — eat whole fruits only and limit high-sugar fruits (mango, banana," grapes). | 6. Drink fenugreek water every morning. | 7. Include apple cider vinegar (1 tablespoon) in warm water before largest meal.""",,,,,,,,,,,,,
"Lipid Profile;HDL Cholesterol;Low;""1. Arjuna Churna: Take 3 g with warm water twice daily for 12 weeks — clinical evidence for increasing HDL through cardioprotective saponins. | 2. Guggulu Capsules: Take 500 mg twice daily after meals for 12 weeks — increases HDL while reducing LDL. | 3. Amla Juice: Take 20 ml with equal water every morning on empty stomach for 12 weeks — Amla's Vitamin C and polyphenols are clinically shown to raise HDL levels. | 4. Turmeric Milk: Every night for 12 weeks — curcumin raises HDL by reducing cholesterol ester transfer protein (CETP) activity. | 5. Coriander Seed Decoction: Twice daily for 8 weeks — raises HDL through improvement of bile acid metabolism."";""1. Exercise vigorously for 45–60 minutes daily — aerobic exercise is the single most effective way to raise HDL; HDL increases approximately 5–10% with consistent exercise. | 2. Quit smoking completely — smoking reduces HDL by up to 15%. | 3. Lose weight if overweight — every kg lost raises HDL. | 4. Eliminate trans fats completely — most potent dietary reducer of HDL. | 5. Moderate alcohol is sometimes cited as raising HDL"," but Ayurveda recommends complete abstinence; exercise achieves the same benefit without risks. | 6. Manage stress — cortisol reduces HDL."";""1. Include healthy fats generously: cow's ghee (1–2 teaspoons daily)", olive oil, avocado, nuts, and fatty fish (non-vegetarians) — dietary healthy fat is the most important dietary intervention for raising HDL. | 2. Eat 4–5 walnuts daily — omega-3 and alpha-linolenic acid (ALA) raise HDL. | 3. Include ground flaxseeds (1 tablespoon daily). | 4. Eat olive oil as a salad dressing (1 tablespoon daily). | 5. Increase dietary fibre: psyllium husk, oats, legumes. | 6. Eat garlic and onions at every meal. | 7. Avoid trans fats, vanaspati," and margarine completely.""",,,,,,,,,,,,,,,,,,,
"Lipid Profile;LDL Cholesterol;Low;""1. Shatavari Churna: Take 5 g with warm milk twice daily for 8 weeks — nourishes depleted Medas Dhatu if LDL is very low. | 2. Note: Very low LDL (below 40 mg/dL) may be associated with haemorrhagic stroke risk and adrenal insufficiency — consult a physician."";""1. Ensure adequate healthy fat intake. | 2. If on statin medication"," consult physician about dose review. | 3. Rule out hyperthyroidism and malabsorption."";""1. Include healthy saturated fats moderately: cow's ghee", coconut," and dairy. | 2. Ensure adequate protein intake. | 3. Do not follow an extremely low-fat diet.""",,,,,,,,,,,,,,,,,,,,,,,,,
"Lipid Profile;LDL Cholesterol;High;""1. Arjuna Churna: Take 3 g with warm water twice daily for 12 weeks — reduces LDL through hepatic LDL receptor upregulation. | 2. Guggulu Capsules: Take 500 mg twice daily after meals for 12 weeks — reduces LDL and VLDL synthesis. | 3. Triphala Churna: Take 5 g at bedtime for 8 weeks — reduces cholesterol absorption and improves bile acid excretion. | 4. Garlic: 2–3 raw cloves every morning for 12 weeks — inhibits HMG-CoA reductase. | 5. Methi Seeds (soaked): Every morning for 12 weeks. | 6. Coriander Seed Decoction: Twice daily for 8 weeks."";""1. Walk 45–60 minutes daily. | 2. Eliminate trans fats", deep-fried foods," and processed foods. | 3. Manage stress with daily meditation. | 4. Quit smoking. | 5. Maintain healthy body weight."";""1. Increase soluble fibre at every meal: oats", psyllium husk, legumes, apples. | 2. Include plant sterols: flaxseeds, sesame," and nuts. | 3. Use olive oil or cow's ghee instead of vanaspati. | 4. Eat garlic and onions at every meal. | 5. Reduce red meat and full-fat dairy if LDL is very high. | 6. Eat more legumes and whole grains.""",,,,,,,,,,,,,,,,,,,,,
"Lipid Profile;VLDL;Low;""1. Note: Low VLDL is not clinically significant and generally indicates healthy lipid metabolism — maintain current healthy diet and lifestyle."";""1. Low VLDL is a sign of good cardiovascular health — maintain current lifestyle."";""1. Continue current healthy diet. | 2. Ensure adequate complex carbohydrate and healthy fat intake for normal VLDL production.""",,,,,,,,,,,,,,,,,,,,,,,,,,,,
"Lipid Profile;VLDL;High;""1. Guggulu Capsules: Take 500 mg twice daily after meals for 12 weeks — directly reduces VLDL synthesis by inhibiting HMG-CoA reductase pathway. | 2. Methi Seeds (soaked): Every morning for 12 weeks — reduces hepatic VLDL output. | 3. Garlic: 2–3 raw cloves every morning for 12 weeks. | 4. Triphala Churna: Take 5 g at bedtime for 8 weeks. | 5. Arjuna Churna: Take 3 g twice daily for 12 weeks. | 6. Punarnava Churna: Take 3 g twice daily for 8 weeks."";""Same as Triglycerides High (VLDL is derived from triglycerides) — eliminate sugar and refined carbs", eliminate alcohol," exercise daily."";""Same as Triglycerides High — eliminate sugar and refined carbohydrates", increase omega-3," eat vegetables generously.""",,,,,,,,,,,,,,,,,,,,,,,,
"Lipid Profile;Total Cholesterol/HDL Ratio;High;""1. Arjuna Churna: Take 3 g twice daily for 12 weeks — raises HDL and lowers total cholesterol simultaneously"," directly improving this ratio. | 2. Amla Juice: Take 20 ml with equal water every morning for 12 weeks — raises HDL and reduces total cholesterol. | 3. Guggulu Capsules: Take 500 mg twice daily for 12 weeks. | 4. Garlic: 2–3 raw cloves every morning. | 5. Turmeric Milk: Every night for 12 weeks."";""1. Exercise 45–60 minutes daily — most effective intervention to improve this ratio. | 2. Quit smoking — raises HDL dramatically. | 3. Eliminate trans fats. | 4. Manage stress. | 5. Lose weight if overweight."";""1. Increase healthy fat intake to raise HDL: nuts", seeds, ghee, olive oil. | 2. Increase soluble fibre to reduce total cholesterol. | 3. Eat garlic and onions daily. | 4. Avoid trans fats, refined carbs," and sugar.""",,,,,,,,,,,,,,,,,,,,,,
"Lipid Profile;LDL/HDL Ratio;High;""1. Arjuna Churna: Take 3 g twice daily for 12 weeks. | 2. Guggulu Capsules: Take 500 mg twice daily for 12 weeks. | 3. Amla Juice: Take 20 ml every morning for 12 weeks. | 4. Garlic: 2–3 cloves every morning. | 5. Turmeric Milk: Every night."";""Exercise daily 45–60 minutes. Quit smoking. Eliminate trans fats. Lose weight."";""Increase healthy fats (HDL-raising). Increase soluble fibre (LDL-lowering). Eat garlic", onions, walnuts," flaxseeds daily.""",,,,,,,,,,,,,,,,,,,,,,,,,
"Lipid Profile;Non-HDL Cholesterol;High;""1. Guggulu Capsules: Take 500 mg twice daily after meals for 12 weeks. | 2. Arjuna Churna: Take 3 g twice daily for 12 weeks. | 3. Triphala Churna: Take 5 g at bedtime for 8 weeks. | 4. Garlic: 2–3 raw cloves every morning. | 5. Methi Seeds: Every morning soaked."";""Exercise 45–60 minutes daily. Eliminate trans fats and refined carbohydrates. Manage stress. Quit smoking."";""Increase soluble fibre. Reduce refined carbohydrates. Eat anti-dyslipidaemic foods: garlic", onions, flaxseeds," walnuts.""",,,,,,,,,,,,,,,,,,,,,,,,,
"Liver;Bilirubin Total;Low;""1. Note: Low bilirubin below 0.1 mg/dL is rarely significant. Shatavari Churna: Take 5 g twice daily with warm milk for 6 weeks to support liver health."";""Maintain general liver health. Follow Dinacharya."";""Eat liver-supporting foods: beetroot", carrots," leafy greens.""",,,,,,,,,,,,,,,,,,,,,,,,,,
"Liver;Bilirubin Total;High;""1. Bhumyamalaki (Phyllanthus niruri) Capsules: Take 500 mg twice daily after meals for 8 weeks — the premier Ayurvedic hepatoprotective herb; directly reduces elevated bilirubin by improving liver cell function and bile flow. | 2. Katuki (Picrorhiza kurroa) Capsules: Take 250 mg twice daily after meals for 6 weeks — potent Pitta-pacifying hepatoprotective that improves bile duct clearance and reduces bilirubin. | 3. Arogyavardhini Vati: Take 250 mg twice daily after meals with warm water for 6 weeks — classical liver rejuvenating formulation that reduces bilirubin and improves hepatic cell function. | 4. Punarnava Churna: Take 3 g with warm water twice daily for 8 weeks — liver-protective diuretic that reduces bilirubin through improved biliary and renal clearance. | 5. Triphala Churna: Take 5 g with warm water at bedtime for 6 weeks — improves bile flow and gut clearance of bilirubin."";""1. Rest completely — jaundice (elevated bilirubin) requires physical rest as the liver cannot perform metabolic functions normally during hepatic stress. | 2. Avoid all alcohol without exception — even a small amount dramatically worsens bilirubin elevation. | 3. Avoid all hepatotoxic medications: paracetamol beyond 500 mg/day", NSAIDs, antibiotics unless essential — review all medications with physician. | 4. Avoid prolonged fasting — the liver requires glucose to support detoxification pathways. | 5. Rest in a cool," calm environment — avoid physical exertion and emotional stress which increase metabolic demand on the liver."";""1. Follow a light", easily digestible diet exclusively: plain rice (kanji/congee), moong dal soup, coconut water, and steamed vegetables — do not eat fried or heavy foods. | 2. Drink fresh sugarcane juice (150 ml) twice daily — classical Ayurvedic food for reducing jaundice and protecting the liver. | 3. Consume radish juice (mooli swarasa) — 30 ml twice daily on empty stomach — classically used in Ayurveda (Moolikasava) to reduce bilirubin. | 4. Drink barley water (jau ka pani) throughout the day — demulcent and hepatoprotective. | 5. Avoid all oily, fried, spicy," and processed foods completely until bilirubin normalises.""",,,,,,,,,,,,,,,,,,
"Liver;Bilirubin Direct;Low;""Note: Low direct bilirubin has no clinical significance."";""No specific recommendation needed."";""Maintain a balanced"," liver-friendly diet.""",,,,,,,,,,,,,,,,,,,,,,,,,,,
"Liver;Bilirubin Direct;High;""1. Bhumyamalaki Capsules: Take 500 mg twice daily after meals for 8 weeks — reduces conjugated (direct) bilirubin by improving hepatocyte function and bile duct flow. | 2. Katuki Capsules: Take 250 mg twice daily after meals for 6 weeks — improves intrahepatic bile flow reducing direct bilirubin. | 3. Arogyavardhini Vati: Take 250 mg twice daily for 6 weeks — classical hepatoprotective. | 4. Kalmegh (Andrographis paniculata) Capsules: Take 400 mg twice daily for 6 weeks — potent hepatoprotective reducing intra-hepatic cholestasis causing elevated direct bilirubin."";""1. Avoid all alcohol and hepatotoxic medications. | 2. Rest adequately. | 3. Avoid prolonged fasting. | 4. Avoid high-fat and fried foods."";""1. Drink fresh sugarcane juice twice daily. | 2. Eat light easily digestible foods: moong dal soup", rice kanji, steamed vegetables. | 3. Drink barley water throughout the day. | 4. Avoid completely: alcohol, fried foods, processed foods," and red meat.""",,,,,,,,,,,,,,,,,,,,,,,
"Liver;Bilirubin Indirect;High;""1. Guduchi Swarasa: Take 20 ml with equal water every morning for 6 weeks — reduces haemolysis and inflammatory bilirubin production. | 2. Bhumyamalaki Capsules: Take 500 mg twice daily for 8 weeks. | 3. Punarnava Churna: Take 3 g twice daily for 8 weeks — improves RBC stability and liver clearance of bilirubin. | 4. Note: High indirect bilirubin suggests haemolysis or Gilbert syndrome — physician evaluation required."";""1. Rule out haemolytic anaemia and Gilbert syndrome with physician. | 2. Avoid dehydration — worsens unconjugated bilirubin elevation. | 3. Stay well hydrated."";""1. Eat foods that reduce haemolysis: antioxidant-rich fruits and vegetables. | 2. Stay well hydrated. | 3. Avoid iron excess supplementation.""",,,,,,,,,,,,,,,,,,,,,,,,,,,,
"Liver;SGOT (AST);High;""1. Bhumyamalaki (Phyllanthus niruri) Capsules: Take 500 mg twice daily after meals for 8–12 weeks — the most validated Ayurvedic liver enzyme normaliser; significantly reduces SGOT in clinical trials. | 2. Kalmegh Capsules: Take 400 mg twice daily after meals for 8 weeks — potent hepatoprotective reducing hepatocellular damage causing SGOT elevation. | 3. Arogyavardhini Vati: Take 250 mg twice daily after meals for 8 weeks — classical liver rejuvenating formulation. | 4. Liv 52 (Himalaya) or equivalent: Take 2 tablets twice daily after meals for 12 weeks — well-researched polyherbal formulation clinically proven to reduce liver enzymes. | 5. Turmeric Milk: Every night for 12 weeks — curcumin reduces hepatic inflammation and normalises transaminases."";""1. Avoid alcohol completely — single most common cause of elevated SGOT. | 2. Avoid hepatotoxic medications: paracetamol in excess", NSAIDs," statins at high doses — review all medications with physician. | 3. Avoid obesity-promoting lifestyle — non-alcoholic fatty liver disease (NAFLD) is the most common cause of mild SGOT elevation. | 4. Exercise for 30–40 minutes daily — reduces liver fat and normalises enzymes. | 5. Avoid fasting for more than 12 hours — starvation damages liver cells."";""1. Eat liver-supportive foods: beetroot (raw 50 g daily)", carrots, leafy greens, garlic, and turmeric at every meal. | 2. Eat cruciferous vegetables (broccoli, cabbage, cauliflower) — contain sulforaphane that upregulates liver detoxification enzymes. | 3. Avoid fried and processed foods. | 4. Drink warm lemon water (1 glass with juice of half a lemon) every morning on empty stomach. | 5. Avoid excess fructose: soft drinks, fruit juices," and high-sugar foods — directly cause liver fat accumulation. | 6. Include milk thistle (Silymarin) seeds powder (5 g daily) — a proven liver enzyme normaliser.""",,,,,,,,,,,,,,,,,,
"Liver;SGPT (ALT);High;""1. Bhumyamalaki Capsules: Take 500 mg twice daily after meals for 8–12 weeks. | 2. Kalmegh Capsules: Take 400 mg twice daily for 8 weeks. | 3. Arogyavardhini Vati: Take 250 mg twice daily for 8 weeks. | 4. Liv 52 or equivalent: Take 2 tablets twice daily for 12 weeks. | 5. Turmeric Milk: Every night for 12 weeks. | 6. Silymarin (Milk Thistle) Powder: Take 5 g with warm water daily for 8 weeks — most potent liver enzyme normaliser."";""Same as SGOT High — avoid alcohol", hepatotoxic medications," and obesity-promoting lifestyle. Exercise 30–40 minutes daily."";""Same as SGOT High — eat liver-supportive foods", avoid fructose and fried foods," drink warm lemon water every morning.""",,,,,,,,,,,,,,,,,,,,,,,,
"Liver;ALP (Alkaline Phosphatase);Low;""1. Ashwagandha Churna: Take 5 g with warm milk at bedtime for 8 weeks — supports bone and liver metabolism. | 2. Note: Very low ALP may indicate hypothyroidism", zinc deficiency," or cardiac bypass — consult physician."";""1. Ensure adequate zinc and magnesium intake. | 2. Rule out hypothyroidism. | 3. Maintain general health through Dinacharya."";""1. Eat zinc-rich foods: pumpkin seeds", sesame, and lentils. | 2. Eat magnesium-rich foods: dark chocolate, nuts," spinach. | 3. Ensure adequate protein intake.""",,,,,,,,,,,,,,,,,,,,,,
"Liver;ALP (Alkaline Phosphatase);High;""1. Bhumyamalaki Capsules: Take 500 mg twice daily for 8 weeks — reduces hepatic ALP elevation. | 2. Punarnava Churna: Take 3 g twice daily for 8 weeks — reduces biliary congestion causing elevated ALP. | 3. Arogyavardhini Vati: Take 250 mg twice daily for 6 weeks. | 4. Note: Very high ALP may indicate bone disease", biliary obstruction," or liver disease — physician evaluation mandatory. | 5. Turmeric Milk: Every night for 8 weeks."";""1. Physician evaluation is mandatory for markedly elevated ALP. | 2. Avoid alcohol. | 3. Avoid hepatotoxic medications. | 4. Ensure adequate Vitamin D — ALP elevation can indicate bone metabolism issues linked to Vitamin D deficiency."";""1. Eat liver-supportive foods: beetroot", carrots, leafy greens, turmeric. | 2. Ensure adequate Vitamin D foods: dairy, eggs," fortified foods. | 3. Avoid fried and processed foods. | 4. Drink warm lemon water every morning.""",,,,,,,,,,,,,,,,,,,,,
"Liver;GGT (Gamma Glutamyl Transferase);High;""1. Bhumyamalaki Capsules: Take 500 mg twice daily for 8 weeks — reduces GGT by protecting hepatocytes from oxidative damage. | 2. Silymarin Powder: Take 5 g daily with warm water for 8 weeks — most potent antioxidant hepatoprotective normalising GGT. | 3. Turmeric Milk: Every night for 12 weeks. | 4. Note: GGT is exquisitely sensitive to alcohol — elevated GGT in an otherwise normal liver panel almost always means alcohol consumption."";""1. Eliminate alcohol completely — GGT is the most sensitive marker of alcohol consumption. | 2. Avoid hepatotoxic medications. | 3. Lose weight if overweight — NAFLD raises GGT. | 4. Exercise 30–40 minutes daily."";""1. Eat antioxidant-rich foods: turmeric", garlic, berries, and leafy greens. | 2. Avoid fried foods, sugar," and processed carbohydrates. | 3. Include cruciferous vegetables daily.""",,,,,,,,,,,,,,,,,,,,,,,
"Liver;Total Protein;Low;""1. Ashwagandha Churna: Take 5 g with warm milk at bedtime for 8 weeks — promotes protein synthesis and reduces protein catabolism. | 2. Shatavari Churna: Take 5 g with warm milk twice daily for 8 weeks — Rasayana that builds all Dhatus including plasma proteins. | 3. Bhumyamalaki Capsules: Take 500 mg twice daily for 8 weeks — improves liver function for protein synthesis."";""1. Address underlying liver disease with physician — the liver synthesises most serum proteins. | 2. Ensure adequate protein intake. | 3. Address any malabsorption or nephrotic syndrome. | 4. Avoid alcohol."";""1. Eat high-quality protein at every meal: dal", legumes, paneer, curd, eggs," and chicken/fish for non-vegetarians. | 2. Include Ashwagandha in warm milk daily for protein anabolism. | 3. Eat small frequent protein-rich meals.""",,,,,,,,,,,,,,,,,,,,,,,
"Liver;Total Protein;High;""1. Triphala Churna: Take 5 g at bedtime for 6 weeks — reduces inflammatory protein production (globulins). | 2. Guduchi Swarasa: Take 20 ml every morning for 6 weeks — reduces chronic inflammatory states driving elevated globulins. | 3. Note: High total protein usually reflects elevated globulins from chronic infection or multiple myeloma — physician evaluation is essential."";""1. Physician evaluation is mandatory for markedly elevated total protein. | 2. Identify and treat underlying chronic infection or inflammatory condition. | 3. Adequate hydration."";""1. Stay well hydrated. | 2. Eat anti-inflammatory foods. | 3. Reduce protein supplements if being used.""",,,,,,,,,,,,,,,,,,,,,,,,,,,,
"Liver;Albumin;Low;""1. Ashwagandha Churna: Take 5 g with warm milk at bedtime for 12 weeks — most potent protein anabolic herb in Ayurveda; directly improves albumin synthesis. | 2. Shatavari Churna: Take 5 g with warm milk twice daily for 12 weeks. | 3. Bhumyamalaki Capsules: Take 500 mg twice daily for 8 weeks — improves hepatocyte function for albumin production. | 4. Arogyavardhini Vati: Take 250 mg twice daily for 8 weeks — liver rejuvenation. | 5. Satavari Kalpa (herbal granules): Take 10 g with warm milk twice daily for 12 weeks."";""1. Address underlying cause: liver cirrhosis", nephrotic syndrome," or malnutrition require physician-guided treatment. | 2. Eat protein-rich meals consistently — albumin synthesis requires constant dietary protein supply. | 3. Avoid alcohol — directly suppresses hepatic albumin synthesis. | 4. Rest adequately to reduce protein catabolism."";""1. Eat high-quality protein at every meal: moong dal", masoor dal, paneer, curd," and eggs. | 2. Take Ashwagandha in warm milk daily. | 3. Eat small frequent protein meals every 3–4 hours. | 4. Include healthy fats with protein — improves amino acid absorption. | 5. Avoid sugar and refined carbohydrates — redirect caloric intake toward protein.""",,,,,,,,,,,,,,,,,,,,,,
"Liver;Albumin;High;""Note: Elevated albumin almost always indicates dehydration"," not a primary pathological state. Drink 3–3.5 litres of water daily to normalise. Triphala Churna: Take 5 g at bedtime for 4 weeks."";""Increase hydration to 3–3.5 litres daily."";""Stay well hydrated. Eat hydrating foods: cucumber", coconut water," buttermilk.""",,,,,,,,,,,,,,,,,,,,,,,,,
"Liver;Globulin;Low;""1. Guduchi Ghanvati: Take 500 mg twice daily for 6 weeks — stimulates immunoglobulin (gamma globulin) production. | 2. Ashwagandha Churna: Take 5 g with warm milk at bedtime for 8 weeks. | 3. Chyawanprash: Take 2 teaspoons with warm milk every morning for 12 weeks."";""1. Investigate for immunodeficiency with physician. | 2. Improve general immune health through Dinacharya", Abhyanga," and Pranayama. | 3. Ensure adequate protein intake."";""1. Eat protein-rich foods at every meal. | 2. Include probiotic foods: curd and buttermilk. | 3. Include Tulsi and garlic daily for immune stimulation.""",,,,,,,,,,,,,,,,,,,,,,,,,,
"Liver;Globulin;High;""1. Guduchi Swarasa: Take 20 ml every morning for 6 weeks — reduces chronic inflammatory protein production. | 2. Triphala Churna: Take 5 g at bedtime for 6 weeks. | 3. Note: Very high globulin requires physician evaluation for multiple myeloma", chronic hepatitis," or autoimmune disease."";""1. Identify and treat underlying chronic infection or inflammation. | 2. Practice stress management. | 3. Avoid alcohol."";""1. Eat anti-inflammatory foods. | 2. Avoid processed and fried foods. | 3. Stay well hydrated.""",,,,,,,,,,,,,,,,,,,,,,,,,,
"Liver;A:G Ratio;Low;""1. Ashwagandha Churna: Take 5 g with warm milk at bedtime for 12 weeks — raises albumin component. | 2. Bhumyamalaki Capsules: Take 500 mg twice daily for 8 weeks — improves hepatic albumin synthesis. | 3. Guduchi Swarasa: Take 20 ml every morning for 6 weeks — reduces inflammatory globulin component."";""Treat the underlying cause (low albumin + high globulin). Avoid alcohol. Eat protein-rich diet."";""Increase protein intake. Treat underlying inflammation.""",,,,,,,,,,,,,,,,,,,,,,,,,,,,
"Renal;Creatinine;Low;""1. Ashwagandha Churna: Take 5 g with warm milk at bedtime for 8 weeks — increases muscle mass and creatine metabolism"," normalising low creatinine. | 2. Bala Churna: Take 3 g with warm milk twice daily for 8 weeks — builds Mamsa Dhatu (muscle tissue). | 3. Note: Low creatinine usually reflects low muscle mass or malnutrition — not a kidney problem."";""1. Include muscle-building resistance exercise 3–4 times per week. | 2. Ensure adequate dietary protein. | 3. Rule out severe muscle wasting conditions with physician."";""1. Eat adequate protein at every meal for muscle maintenance. | 2. Include creatine-naturally-rich foods: dairy and meat (non-vegetarians). | 3. Eat 5–7 soaked almonds and 4–5 walnuts daily.""",,,,,,,,,,,,,,,,,,,,,,,,,,,
"Renal;Creatinine;High;""1. Punarnava Churna: Take 3 g with warm water twice daily for 12 weeks — the premier Ayurvedic nephroprotective herb"," clinically validated to reduce serum creatinine and protect kidneys. | 2. Gokshura (Tribulus terrestris) Churna: Take 3 g with warm water twice daily for 12 weeks — stimulates GFR and increases renal clearance of creatinine. | 3. Varunadi Kwath: Take 30 ml with equal warm water twice daily for 8 weeks — classical Ayurvedic kidney rejuvenating decoction. | 4. Chandraprabha Vati: Take 2 tablets twice daily after meals with warm water for 8 weeks — reduces creatinine by improving glomerular filtration. | 5. Shatavari Churna: Take 5 g with warm milk twice daily for 8 weeks — nephroprotective Rasayana. | 6. Triphala Churna: Take 5 g at bedtime for 8 weeks — supports kidney detoxification."";""1. Drink 2.5–3 litres of water daily — adequate hydration is the most critical lifestyle step for reducing creatinine by supporting glomerular filtration. | 2. Avoid NSAIDs (ibuprofen"," diclofenac) completely — directly nephrotoxic. | 3. Control blood pressure and diabetes strictly — both are the leading causes of kidney damage. | 4. Reduce protein intake moderately — excess protein increases creatinine production. | 5. Avoid strenuous exercise temporarily — intense exercise causes transient creatinine elevation. | 6. Avoid contrast dyes for imaging if kidney function is compromised."";""1. Follow a kidney-friendly low-protein", low-phosphorus diet: reduce red meat significantly and shift to plant proteins (moong dal, masoor dal). | 2. Reduce sodium intake — excess salt worsens hypertension-driven kidney damage. | 3. Avoid high-potassium foods if eGFR is low: bananas, tomatoes, potatoes," oranges — consult physician for personalised guidance. | 4. Drink barley water (jau ka pani) throughout the day — classical Ayurvedic nephroprotective drink. | 5. Eat Punarnava leaves as a vegetable or in dal 2–3 times weekly — a powerful kidney herb that can be consumed as food. | 6. Drink coconut water (200 ml) daily — reduces kidney stone risk and supports renal clearance.""",,,,,,,,,,,,,,,,,,,,,
"Renal;eGFR;Low;""1. Punarnava Churna: Take 3 g twice daily for 12 weeks — improves GFR by stimulating renal blood flow and glomerular function. | 2. Gokshura Churna: Take 3 g twice daily for 12 weeks — increases GFR. | 3. Chandraprabha Vati: Take 2 tablets twice daily for 8 weeks. | 4. Varunadi Kwath: Take 30 ml with equal water twice daily for 8 weeks."";""1. Control blood pressure and diabetes urgently — the primary drivers of declining GFR. | 2. Drink 2.5–3 litres water daily. | 3. Avoid nephrotoxic drugs. | 4. Maintain healthy weight. | 5. Moderate exercise 30 minutes daily."";""1. Follow a kidney-friendly diet with reduced protein and sodium. | 2. Drink barley water throughout the day. | 3. Eat Punarnava leaves regularly.""",,,,,,,,,,,,,,,,,,,,,,,,,,,,
"Renal;Urea;Low;""1. Ashwagandha Churna: Take 5 g with warm milk at bedtime for 8 weeks — increases protein metabolism naturally raising urea to normal levels. | 2. Shatavari Churna: Take 5 g with warm milk twice daily for 8 weeks. | 3. Note: Low urea may indicate malnutrition", severe liver disease," or overhydration — physician evaluation is important."";""1. Ensure adequate protein intake. | 2. Rule out liver disease with physician. | 3. Avoid excessive water intake (overhydration). | 4. Ensure regular balanced meals."";""1. Eat adequate protein at every meal: dal", legumes, paneer, curd," eggs. | 2. Avoid excessive water intake beyond 3 litres daily. | 3. Eat well-balanced meals without skipping.""",,,,,,,,,,,,,,,,,,,,,,
"Renal;Urea;High;""1. Punarnava Churna: Take 3 g twice daily for 12 weeks — improves renal clearance of urea. | 2. Gokshura Churna: Take 3 g twice daily for 12 weeks — diuretic that promotes urea excretion. | 3. Chandraprabha Vati: Take 2 tablets twice daily for 8 weeks. | 4. Triphala Churna: Take 5 g at bedtime for 8 weeks — reduces gut-derived urea through improved gut flora. | 5. Varunadi Kwath: Take 30 ml with equal water twice daily for 8 weeks."";""1. Drink 3 litres of water daily — adequate hydration is critical for urea clearance. | 2. Reduce protein intake moderately. | 3. Control blood pressure and diabetes. | 4. Avoid nephrotoxic drugs."";""1. Reduce protein intake modestly: shift to plant proteins (dal"," legumes) from animal proteins. | 2. Drink barley water throughout the day. | 3. Eat Punarnava leaves 2–3 times weekly.""",,,,,,,,,,,,,,,,,,,,,,,,,,,
"Renal;BUN (Blood Urea Nitrogen);Low;""1. Ashwagandha Churna: Take 5 g with warm milk at bedtime for 8 weeks. | 2. Shatavari Churna: Take 5 g with warm milk twice daily for 8 weeks. | 3. Note: Low BUN indicates same conditions as low Urea — malnutrition or liver disease."";""Same as Urea Low."";""Same as Urea Low — ensure adequate protein intake.""",,,,,,,,,,,,,,,,,,,,,,,,,,,,
"Renal;BUN (Blood Urea Nitrogen);High;""1. Punarnava Churna: Take 3 g twice daily for 12 weeks. | 2. Gokshura Churna: Take 3 g twice daily for 12 weeks. | 3. Chandraprabha Vati: Take 2 tablets twice daily for 8 weeks. | 4. Triphala Churna: Take 5 g at bedtime for 8 weeks."";""Same as Urea High."";""Same as Urea High.""",,,,,,,,,,,,,,,,,,,,,,,,,,,,
"Renal;BUN/Creatinine Ratio;Low;""1. Ashwagandha Churna: Take 5 g with warm milk at bedtime for 8 weeks — increases muscle mass and protein metabolism normalising ratio. | 2. Note: Low ratio suggests low protein intake or liver disease — physician evaluation."";""Ensure adequate protein intake. Rule out liver disease."";""Eat adequate protein at every meal.""",,,,,,,,,,,,,,,,,,,,,,,,,,,,
"Renal;BUN/Creatinine Ratio;High;""1. Punarnava Churna: Take 3 g twice daily for 12 weeks — improves renal perfusion. | 2. Gokshura Churna: Take 3 g twice daily for 12 weeks. | 3. Note: High ratio suggests prerenal azotaemia (dehydration) or GI bleeding — address underlying cause urgently."";""1. Increase fluid intake urgently to 3 litres daily — dehydration is the most common cause of high BUN/Creatinine ratio. | 2. Rule out GI bleeding with physician. | 3. Avoid diuretics without physician guidance."";""1. Drink 3 litres of water daily. | 2. Eat easily digestible"," high-fluid-content foods. | 3. Drink coconut water and barley water daily.""",,,,,,,,,,,,,,,,,,,,,,,,,,,
"Renal;Uric Acid;Low;""1. Note: Low uric acid is rarely clinically significant. Maintain general health through Dinacharya."";""Maintain general health. Consult physician if neurological symptoms are present."";""Maintain a balanced"," diverse diet.""",,,,,,,,,,,,,,,,,,,,,,,,,,,
"Renal;Uric Acid;High;""1. Giloy (Guduchi) Swarasa: Take 20 ml with equal water every morning on empty stomach for 8 weeks — reduces uric acid by improving renal clearance and reducing purine metabolism. | 2. Punarnava Churna: Take 3 g with warm water twice daily for 8 weeks — reduces uric acid through enhanced renal excretion. | 3. Shallaki (Boswellia) Capsules: Take 400 mg twice daily after meals for 8 weeks — reduces gout-related joint inflammation from elevated uric acid. | 4. Haridra (Turmeric) Capsules: Take 500 mg twice daily after meals for 8 weeks — reduces uric acid-induced inflammatory response. | 5. Gokshura Churna: Take 3 g twice daily for 8 weeks — increases renal uric acid excretion. | 6. Shatavari Churna: Take 5 g with warm milk twice daily for 8 weeks — renal protective and anti-inflammatory."";""1. Drink 3–4 litres of water daily — increased fluid intake is the single most important intervention to prevent uric acid crystal deposition and promote renal excretion. | 2. Avoid alcohol completely — especially beer", which is extremely high in purines and simultaneously reduces renal uric acid clearance. | 3. Avoid fasting and crash diets — starvation causes rapid purine release from cell breakdown," dramatically spiking uric acid. | 4. Exercise moderately (walking 30–40 minutes daily) — intense exercise temporarily raises uric acid; moderation is key. | 5. Lose weight if overweight — adipose tissue produces uric acid; weight loss reduces levels. | 6. Elevate affected joint during gout attacks and apply cool Guduchi paste locally."";""1. Eliminate high-purine foods: organ meats (liver", kidney, brain), red meat, shellfish, anchovies, sardines, and mackerel. | 2. Avoid alcohol, especially beer. | 3. Avoid high-fructose foods: soft drinks, fruit juices, and high-sugar snacks — fructose is a purine precursor. | 4. Eat cherries and cherry juice — proanthocyanidins in cherries clinically reduce uric acid and gout attacks. | 5. Include low-fat dairy (buttermilk," curd) — dairy proteins increase renal uric acid excretion. | 6. Eat celery seeds (ajmoda) daily — a natural uricosuric agent. | 7. Drink warm water with 1/4 teaspoon baking soda once daily (with physician guidance) — alkalises urine promoting uric acid excretion.""",,,,,,,,,,,,,,,
"Renal;Calcium;Low;""1. Praval Pishti: Take 250 mg twice daily after meals with honey for 8 weeks — the finest Ayurvedic coral-calcium preparation; bioavailable calcium that directly raises serum calcium. | 2. Ashwagandha Churna: Take 5 g with warm milk at bedtime for 8 weeks — improves Vitamin D metabolism and calcium absorption. | 3. Shatavari Churna: Take 5 g with warm milk twice daily for 8 weeks — supports hormonal balance for calcium metabolism. | 4. Guduchi Swarasa: Take 20 ml every morning on empty stomach for 6 weeks — improves gut absorption of calcium. | 5. Sesame Seeds: Eat 2 tablespoons of roasted sesame seeds daily — among the highest natural sources of calcium (975 mg/100g). | 6. Vitamin D correction is mandatory (see Vitamin D Low) — without adequate Vitamin D"," dietary and supplemental calcium cannot be absorbed effectively."";""1. Sunlight exposure for 30–45 minutes daily (before 9 AM) — Vitamin D from sunlight is mandatory for calcium absorption; no dietary intervention works without Vitamin D. | 2. Practice weight-bearing exercise (brisk walking", yoga with standing poses) for 30 minutes daily — mechanical loading increases calcium deposition in bones. | 3. Avoid excessive caffeine and alcohol — both increase urinary calcium excretion, worsening hypocalcaemia. | 4. Reduce oxalate-rich foods (spinach," beets) eaten at the same time as calcium-rich foods — oxalates bind calcium preventing absorption. | 5. Avoid smoking — impairs Vitamin D metabolism reducing calcium absorption."";""1. Eat calcium-rich foods at every meal: dairy (cow milk", paneer, curd — each contains 300–400 mg calcium per serving), ragi (finger millet — 344 mg per 100 g, the highest calcium grain), sesame seeds, drumstick leaves," and amaranth. | 2. Prepare calcium-rich ragi porridge every morning: cook 50 g ragi flour in 400 ml warm milk — this single preparation provides over 600 mg bioavailable calcium. | 3. Eat Praval Pishti-enriched milk: add 250 mg Praval Pishti to warm milk every night before bed. | 4. Ensure Vitamin D is corrected simultaneously — calcium supplementation alone without Vitamin D is ineffective. | 5. Avoid phytate-rich unprocessed grains at the same time as calcium-rich foods — soak and sprout all grains and legumes.""",,,,,,,,,,,,,,,,,
"Renal;Calcium;High;""1. Triphala Churna: Take 5 g with warm water at bedtime for 8 weeks — reduces gut calcium absorption and improves renal excretion. | 2. Punarnava Churna: Take 3 g twice daily for 8 weeks — diuretic that increases urinary calcium excretion. | 3. Note: High serum calcium (hypercalcaemia) requires urgent physician evaluation — may indicate hyperparathyroidism or malignancy; Ayurvedic remedies are supportive only."";""1. Physician evaluation is urgent for hypercalcaemia. | 2. Drink 3–4 litres of water daily to promote renal calcium excretion. | 3. Avoid all calcium supplements and Vitamin D supplements until calcium normalises. | 4. Avoid prolonged immobility — increases bone calcium release into blood."";""1. Avoid calcium-rich foods temporarily: dairy", sesame seeds, ragi. | 2. Avoid Vitamin D supplementation until calcium normalises. | 3. Stay well hydrated. | 4. Eat oxalate-rich foods: spinach," beetroot — these bind gut calcium reducing absorption (opposite of low calcium advice).""",,,,,,,,,,,,,,,,,,,,,,,,,
"Electrolytes;Sodium;Low;""1. Punarnavasava: Take 15 ml with equal water twice daily after meals for 6 weeks — improves fluid and sodium balance through renal mechanisms. | 2. Chandraprabha Vati: Take 2 tablets twice daily for 6 weeks — restores electrolyte homeostasis. | 3. Ashwagandha Churna: Take 5 g with warm milk at bedtime for 6 weeks — improves adrenal function which regulates sodium balance. | 4. Note: Severe hyponatraemia is a medical emergency — physician evaluation and correction is mandatory; Ayurvedic remedies support recovery."";""1. Identify and treat the underlying cause: vomiting", diarrhoea, diuretics, heart failure," or adrenal insufficiency — with physician guidance. | 2. Avoid drinking excessive plain water without electrolytes — this worsens dilutional hyponatraemia. | 3. Rest and avoid physical exertion during active hyponatraemia. | 4. Monitor fluid intake carefully."";""1. Drink ORS (Oral Rehydration Solution) or homemade electrolyte drink: 1 litre water", 1/2 teaspoon salt, 6 teaspoons sugar, juice of 1 lemon — sip throughout the day. | 2. Eat sodium-containing foods: light soups with salt, salted buttermilk (chaas with salt)," and coconut water with a pinch of salt. | 3. Do not follow low-sodium diet during active hyponatraemia. | 4. Eat small frequent meals with mild salt at every meal.""",,,,,,,,,,,,,,,,,,,
"Electrolytes;Sodium;High;""1. Punarnava Churna: Take 3 g twice daily for 8 weeks — natural diuretic that increases renal sodium excretion. | 2. Triphala Churna: Take 5 g at bedtime for 6 weeks — reduces fluid retention associated with hypernatraemia. | 3. Gokshura Churna: Take 3 g twice daily for 6 weeks — promotes diuresis and sodium excretion."";""1. Increase fluid intake to 3–4 litres of plain water daily — rehydration is the primary treatment for hypernatraemia. | 2. Reduce dietary sodium strictly — no added salt", no processed foods, no pickles, no papad. | 3. Address the underlying cause: diabetes insipidus, dehydration," or excessive salt intake — with physician. | 4. Avoid diuretics without physician guidance."";""1. Strictly avoid added salt in cooking and at the table. | 2. Avoid high-sodium processed foods: pickles", papad, chips, packaged snacks, bread. | 3. Drink plain water, coconut water (low sodium), and herbal teas throughout the day. | 4. Eat potassium-rich foods to balance sodium: bananas, sweet potatoes," and leafy greens.""",,,,,,,,,,,,,,,
"Electrolytes;Potassium;Low;""1. Ashwagandha Churna: Take 5 g with warm milk at bedtime for 6 weeks — adrenal support reduces aldosterone excess that causes hypokalaemia. | 2. Chandraprabha Vati: Take 2 tablets twice daily for 6 weeks — restores electrolyte balance. | 3. Note: Potassium supplementation for true hypokalaemia requires physician supervision — cardiac arrhythmias can occur."";""1. Identify and treat the cause: diarrhoea", vomiting, diuretics, or poor intake — with physician. | 2. Avoid excessive tea and coffee — mild diuretic effect increasing potassium loss. | 3. If on diuretics," discuss potassium-sparing alternatives with physician. | 4. Avoid excessive laxative use."";""1. Eat potassium-rich foods at every meal: bananas (1 daily)", sweet potatoes, spinach, tomatoes, coconut water (300 ml daily), oranges," and lentils. | 2. Prepare coconut water with a banana smoothie as a daily mid-morning drink. | 3. Include avocado (high potassium) if available. | 4. Avoid refined and processed foods — these contain little potassium. | 5. Cook with potato skins intact — potassium is concentrated in and under the skin.""",,,,,,,,,,,,,,,,,,
"Electrolytes;Potassium;High;""1. Triphala Churna: Take 5 g at bedtime for 6 weeks — improves gut and renal potassium excretion. | 2. Punarnava Churna: Take 3 g twice daily for 6 weeks — promotes diuresis and potassium excretion. | 3. Note: Severe hyperkalaemia is a cardiac emergency — requires immediate physician attention; do not attempt Ayurvedic self-treatment alone."";""1. Physician evaluation is urgent for high potassium — risk of life-threatening cardiac arrhythmia. | 2. Avoid all potassium supplements and potassium-sparing diuretics. | 3. Treat underlying cause: kidney disease", ACE inhibitors," Addison disease. | 4. Increase fluid intake."";""1. Strictly avoid high-potassium foods: bananas", oranges, potatoes, tomatoes, spinach, coconut water, dried fruits, nuts, and legumes. | 2. Leach vegetables by peeling, cutting small, soaking in water for 2 hours," and boiling in large water — significantly reduces potassium content. | 3. Avoid salt substitutes — they contain potassium chloride. | 4. Avoid protein supplements.""",,,,,,,,,,,,,,,
"Electrolytes;Chloride;Low;""1. Chandraprabha Vati: Take 2 tablets twice daily for 6 weeks — restores electrolyte balance. | 2. Note: Low chloride is usually from vomiting", gastric drainage," or metabolic alkalosis — treat the underlying cause with physician."";""1. Treat underlying vomiting or gastric drainage. | 2. Rehydrate with ORS solution. | 3. Consult physician for metabolic alkalosis."";""1. Drink ORS (Oral Rehydration Solution) throughout the day. | 2. Eat foods with natural sodium chloride: salted buttermilk"," soups with salt.""",,,,,,,,,,,,,,,,,,,,,,,,,
"Electrolytes;Chloride;High;""1. Punarnava Churna: Take 3 g twice daily for 6 weeks — promotes diuresis and chloride excretion. | 2. Gokshura Churna: Take 3 g twice daily for 6 weeks — increases renal excretion. | 3. Chandraprabha Vati: Take 2 tablets twice daily for 6 weeks — normalises electrolyte balance. | 4. Note: High chloride (hyperchloraemia) indicates metabolic acidosis", dehydration," or renal tubular acidosis — physician evaluation is essential."";""1. Identify and treat the underlying cause with physician. | 2. Increase fluid intake to 3–4 litres daily. | 3. Reduce dietary salt strictly. | 4. Avoid excessive saline IV fluids (in hospital setting)."";""1. Avoid added salt and high-sodium foods. | 2. Increase fluid intake with plain water and herbal teas. | 3. Eat alkaline-promoting foods: fresh fruits and vegetables. | 4. Avoid acidic beverages: soft drinks"," sports drinks.""",,,,,,,,,,,,,,,,,,,,,,,,,
"Iron Studies;Serum Iron;Low;""1. Punarnava Mandur: Take 2 tablets twice daily after meals for 8 weeks — replenishes iron stores directly. | 2. Lohasava: Take 15 ml with equal water twice daily after meals for 8 weeks. | 3. Mandur Bhasma: Take 250 mg twice daily with buttermilk after meals for 6–8 weeks. | 4. Amla Juice: Take 20 ml with equal water every morning on empty stomach for 8 weeks — Vitamin C maximises iron absorption. | 5. Black Sesame Paste: 1 tablespoon soaked and ground with jaggery"," every morning on empty stomach for 4 weeks."";""1. Cook in iron cookware exclusively. | 2. Pair all iron-rich foods with Vitamin C at every meal. | 3. Avoid tea and coffee within 1 hour of meals. | 4. Identify and address any bleeding source. | 5. Practice Anulom Vilom Pranayama for 15 minutes daily."";""1. Eat iron-rich foods at every meal: spinach", horse gram, sesame seeds, pomegranate, jaggery, raisins. | 2. Always pair with Vitamin C: lemon, amla," tomato. | 3. Sprout all legumes before cooking. | 4. Drink 200 ml pomegranate juice every morning.""",,,,,,,,,,,,,,,,,,,,
"Iron Studies;Serum Iron;High;""1. Triphala Churna: Take 5 g at bedtime for 8 weeks — chelates excess iron in the gut and improves its regulated excretion. | 2. Manjistha Churna: Take 3 g twice daily for 6 weeks — purifies iron-overloaded blood. | 3. Note: Very high serum iron suggests haemochromatosis or haemolytic anaemia — physician evaluation and phlebotomy may be required; avoid all iron supplements immediately."";""1. Stop all iron supplements immediately. | 2. Avoid iron cookware. | 3. Consult physician for further evaluation — haemochromatosis is genetic and requires medical treatment. | 4. Avoid alcohol — worsens iron-induced liver damage."";""1. Avoid all iron-rich foods: red meat", organ meats, iron-fortified foods, and dark leafy greens in excess. | 2. Drink tea or coffee with meals — for once," tannins are beneficial as they block iron absorption. | 3. Eat calcium-rich dairy with meals — calcium competes with iron absorption. | 4. Include whole grains with phytates (without soaking) to reduce iron absorption.""",,,,,,,,,,,,,,,,,,,,,,,,
"Iron Studies;UIBC;Low;""1. Bhumyamalaki Capsules: Take 500 mg twice daily for 8 weeks — improves liver function for transferrin production. | 2. Ashwagandha Churna: Take 5 g with warm milk at bedtime for 8 weeks — supports protein synthesis including transferrin. | 3. Note: Low UIBC indicates transferrin saturation — seen in iron overload or liver disease."";""1. Rule out iron overload and liver disease with physician. | 2. Stop all iron supplements. | 3. Ensure adequate protein intake for transferrin synthesis."";""1. Ensure adequate protein intake for transferrin production. | 2. Avoid iron supplements and fortified foods.""",,,,,,,,,,,,,,,,,,,,,,,,,,,,
"Iron Studies;UIBC;High;""1. Punarnava Mandur: Take 2 tablets twice daily after meals for 8 weeks — corrects iron deficiency raising transferrin utilisation. | 2. Amla Juice: Take 20 ml every morning for 8 weeks. | 3. Note: High UIBC indicates iron deficiency anaemia — treat with iron-replenishing formulations."";""Same as Serum Iron Low — identify bleeding sources", cook in iron cookware," avoid tea with meals."";""Same as Serum Iron Low — eat iron-rich foods with Vitamin C at every meal.""",,,,,,,,,,,,,,,,,,,,,,,,,,
"Iron Studies;TIBC;Low;""1. Bhumyamalaki Capsules: Take 500 mg twice daily for 8 weeks — improves liver function for transferrin production. | 2. Note: Low TIBC indicates liver disease", malnutrition," or chronic inflammation — treat the underlying cause."";""1. Address underlying liver disease or inflammatory condition. | 2. Ensure adequate protein intake. | 3. Treat any chronic infection."";""1. Eat adequate protein daily. | 2. Eat anti-inflammatory foods. | 3. Address malnutrition comprehensively.""",,,,,,,,,,,,,,,,,,,,,,,,,,
"Iron Studies;TIBC;High;""1. Punarnava Mandur: Take 2 tablets twice daily for 8 weeks — corrects iron deficiency that causes elevated TIBC. | 2. Lohasava: Take 15 ml with equal water twice daily for 8 weeks. | 3. Mandur Bhasma: Take 250 mg twice daily for 6–8 weeks. | 4. Note: High TIBC is the most specific indicator of iron deficiency — treat iron deficiency aggressively."";""Same as Serum Iron Low."";""Same as Serum Iron Low.""",,,,,,,,,,,,,,,,,,,,,,,,,,,,
"Iron Studies;% Iron Saturation;Low;""1. Punarnava Mandur: Take 2 tablets twice daily after meals for 8 weeks. | 2. Lohasava: Take 15 ml with equal water twice daily for 8 weeks. | 3. Mandur Bhasma: Take 250 mg twice daily for 6–8 weeks. | 4. Amla Juice: Take 20 ml with equal water every morning for 8 weeks."";""Same as Serum Iron Low."";""Same as Serum Iron Low.""",,,,,,,,,,,,,,,,,,,,,,,,,,,,
"Iron Studies;% Iron Saturation;High;""1. Triphala Churna: Take 5 g at bedtime for 8 weeks. | 2. Manjistha Churna: Take 3 g twice daily for 6 weeks. | 3. Note: High % saturation indicates iron overload or haemochromatosis — physician evaluation required."";""Stop all iron supplements. Avoid iron cookware. Consult physician."";""Avoid iron-rich and fortified foods. Drink tea with meals to block absorption.""",,,,,,,,,,,,,,,,,,,,,,,,,,,,
"Iron Studies;Ferritin;Low;""1. Punarnava Mandur: Take 2 tablets twice daily after meals for 8 weeks — replenishes iron stores and raises ferritin. | 2. Lohasava: Take 15 ml with equal water twice daily for 8 weeks. | 3. Mandur Bhasma: Take 250 mg twice daily with buttermilk after meals for 6–8 weeks. | 4. Amla Juice: Take 20 ml with equal water every morning for 8 weeks. | 5. Note: Low ferritin is the earliest and most sensitive marker of iron depletion — treat early."";""1. Cook in iron cookware exclusively. | 2. Pair iron foods with Vitamin C at every meal. | 3. Avoid tea and coffee with meals. | 4. Identify and address any occult bleeding with physician. | 5. Regular light exercise to improve iron absorption and utilisation."";""Same as Serum Iron Low.""",,,,,,,,,,,,,,,,,,,,,,,,,,,,
"Iron Studies;Ferritin;High;""1. Manjistha Churna: Take 3 g twice daily for 6 weeks — Rakta Shodhana herb reducing iron overload inflammation. | 2. Triphala Churna: Take 5 g at bedtime for 8 weeks — reduces oxidative iron storage. | 3. Note: Very high ferritin indicates iron overload", liver disease, infection," or cancer — urgent physician evaluation required."";""1. Stop all iron supplements immediately. | 2. Physician evaluation is mandatory for very high ferritin. | 3. Avoid alcohol — worsens iron-induced liver damage. | 4. Consult physician regarding therapeutic phlebotomy."";""1. Avoid all iron supplements and fortified foods. | 2. Drink tea with meals to block iron absorption. | 3. Eat calcium-rich dairy with meals. | 4. Avoid red meat and organ meats.""",,,,,,,,,,,,,,,,,,,,,,,,,
"Minerals;Phosphorous;Low;""1. Ashwagandha Churna: Take 5 g with warm milk at bedtime for 8 weeks — improves hormonal balance (PTH regulation) restoring phosphorus levels. | 2. Shatavari Churna: Take 5 g with warm milk twice daily for 8 weeks — improves gut absorption of phosphorus. | 3. Praval Pishti: Take 250 mg twice daily after meals for 6 weeks — mineral-rich classical preparation supporting phosphorus-calcium balance. | 4. Note: Hypophosphatemia can cause muscle weakness and bone pain — physician evaluation is important."";""1. Identify the underlying cause with physician: malabsorption", hyperparathyroidism," or refeeding syndrome. | 2. Avoid aluminium antacids — they bind phosphorus in the gut preventing absorption. | 3. Practice weight-bearing exercise — supports phosphorus retention in bone. | 4. Ensure adequate Vitamin D levels — required for phosphorus absorption."";""1. Eat phosphorus-rich foods at every meal: dairy (paneer", milk, curd), eggs, fish, poultry, lentils, seeds, and nuts. | 2. Drink 1 glass of warm cow milk every morning and night — milk is the single richest," most bioavailable source of phosphorus. | 3. Eat pumpkin seeds (30 g daily) — one of the richest plant sources of phosphorus. | 4. Include whole grains and legumes at every meal. | 5. Ensure Vitamin D is adequate — Vitamin D deficiency impairs phosphorus absorption.""",,,,,,,,,,,,,,,,,
"Minerals;Phosphorous;High;""1. Punarnava Churna: Take 3 g twice daily for 8 weeks — improves renal phosphorus excretion. | 2. Gokshura Churna: Take 3 g twice daily for 8 weeks — diuretic that increases renal phosphate clearance. | 3. Note: High phosphorus in kidney disease requires urgent physician management — phosphate binders may be required."";""1. Physician evaluation is essential for elevated phosphorus. | 2. Drink 2.5–3 litres water daily to promote renal phosphorus excretion. | 3. Limit phosphorus-rich foods. | 4. Avoid phosphate-containing antacids."";""1. Strictly limit high-phosphorus foods: dairy", processed foods (contain phosphate preservatives), cola drinks, organ meats," and processed cheese. | 2. Avoid cola and carbonated drinks — extremely high in phosphoric acid. | 3. Cook phosphorus-rich foods by boiling and discarding water — leaches out phosphorus.""",,,,,,,,,,,,,,,,,,,,,,,,
"Minerals;LDH (Lactate Dehydrogenase);Low;""1. Note: Very low LDH is extremely rare and not clinically significant."";""No specific recommendation needed."";""Maintain a balanced nutritious diet.""",,,,,,,,,,,,,,,,,,,,,,,,,,,,
"Minerals;LDH (Lactate Dehydrogenase);High;""1. Guduchi Swarasa: Take 20 ml with equal water every morning for 8 weeks — reduces cellular damage and tissue breakdown causing LDH elevation. | 2. Turmeric Capsules: Take 500 mg twice daily for 8 weeks — curcumin reduces cellular oxidative stress driving LDH release. | 3. Ashwagandha Churna: Take 5 g with warm milk at bedtime for 8 weeks — reduces cellular damage from oxidative stress. | 4. Arjuna Churna: Take 3 g twice daily for 8 weeks — cardioprotective; reduces cardiac-origin LDH elevation. | 5. Note: Significantly elevated LDH requires physician evaluation — may indicate heart attack", haemolysis, liver disease, cancer," or lung disease."";""1. Physician evaluation is mandatory for markedly elevated LDH — it indicates significant tissue damage somewhere. | 2. Avoid strenuous exercise — intense physical activity is a common benign cause of mildly elevated LDH. | 3. Rest adequately. | 4. Avoid alcohol — liver damage from alcohol is a common LDH elevation cause. | 5. Manage any cardiac conditions with physician guidance."";""1. Eat antioxidant-rich foods generously: turmeric", ginger, amla, berries," dark leafy greens — reduce cellular oxidative damage causing LDH release. | 2. Drink warm turmeric-ginger water every morning. | 3. Avoid fried and processed foods. | 4. Eat lean proteins to support cellular repair. | 5. Include omega-3-rich foods: flaxseeds and walnuts.""",,,,,,,,,,,,,,,,,,,,
"Minerals;Magnesium;Low;""1. Ashwagandha Churna: Take 5 g with warm milk at bedtime for 8 weeks — contains natural magnesium and improves cellular magnesium retention. | 2. Shatavari Churna: Take 5 g with warm milk twice daily for 8 weeks — improves gut absorption of magnesium. | 3. Note: Hypomagnesaemia causes muscle cramps", palpitations," and anxiety — physician evaluation is important."";""1. Identify and treat the underlying cause: alcoholism", malabsorption," or prolonged diuretic use. | 2. Manage stress — chronic stress depletes magnesium through urinary excretion. | 3. Reduce caffeine intake — caffeine increases urinary magnesium loss. | 4. Practice Yoga Nidra and deep relaxation — reduces magnesium wasting from stress hormones."";""1. Eat magnesium-rich foods at every meal: dark chocolate (85% — 2 squares daily)", pumpkin seeds (30 g daily), almonds (1 handful daily), spinach, black beans," and avocado. | 2. Drink coconut water (200 ml) daily — a natural source of magnesium and electrolytes. | 3. Soak 15 almonds overnight and eat every morning on empty stomach. | 4. Include ragi (finger millet) daily — rich in magnesium. | 5. Avoid excess alcohol and caffeine which deplete magnesium.""",,,,,,,,,,,,,,,,,,,
"Minerals;Magnesium;High;""1. Punarnava Churna: Take 3 g twice daily for 6 weeks — promotes renal magnesium excretion. | 2. Gokshura Churna: Take 3 g twice daily for 6 weeks — diuretic promoting excretion. | 3. Note: Severe hypermagnesaemia requires emergency physician treatment — causes cardiac arrest."";""1. Physician evaluation urgently for high magnesium — risk of cardiac arrest. | 2. Stop all magnesium supplements immediately. | 3. Avoid magnesium-containing antacids and laxatives. | 4. Increase fluid intake to promote renal excretion."";""1. Avoid all magnesium supplements. | 2. Avoid magnesium-rich foods temporarily: nuts", seeds, dark chocolate," leafy greens. | 3. Drink adequate water to promote renal magnesium excretion.""",,,,,,,,,,,,,,,,,,,,,,,,,
"Vitamins;Vitamin B12;Low;""1. Methylcobalamin Supplement: Take 1500 mcg sublingual methylcobalamin every morning — sublingual absorption bypasses gut malabsorption"," which is the most common cause of B12 deficiency in vegetarians. Alongside: | 2. Shatavari Churna: Take 5 g with warm milk twice daily for 12 weeks — nourishes gastric mucosa and promotes Intrinsic Factor production for improved B12 absorption from food. | 3. Triphala Churna: Take 3 g at bedtime for 8 weeks — improves gut health and ileal absorption where B12 is absorbed. | 4. Ashwagandha Churna: Take 5 g with warm milk at bedtime for 12 weeks — supports neurological recovery from B12 deficiency including peripheral neuropathy. | 5. Brahmi Ghrita: Take 1 teaspoon with warm milk at bedtime for 8 weeks — supports neurological pathways affected by B12 deficiency. | 6. Chyawanprash: Take 2 teaspoons with warm milk every morning for 12 weeks — comprehensive multi-nutrient support for B12-depleted states."";""1. Eat B12-rich foods at every single meal — vegetarians are at extremely high risk of B12 deficiency and require active daily dietary effort. | 2. Improve gut health — B12 absorption depends entirely on healthy gastric mucosa producing Intrinsic Factor and healthy ileal absorption; follow gut health protocols. | 3. Avoid long-term use of antacids (PPIs"," H2 blockers) — these suppress stomach acid essential for B12 release from food; review with physician. | 4. Avoid metformin (if diabetic) without discussing B12 monitoring with physician — metformin is one of the most common drug causes of B12 depletion. | 5. Practice Dinacharya including tongue scraping and oil pulling — these improve oral and gut microbiome health supporting B-vitamin synthesis. | 6. Manage stress — chronic stress impairs gastric acid production reducing B12 absorption."";""1. Eat B12-rich foods at every meal: cow milk (250 ml", twice daily), paneer (100 g daily), curd (1 bowl, twice daily), eggs (2 daily for ovo-vegetarians) — these are the only reliable vegetarian B12 sources. | 2. Include fermented foods: idli, dosa, curd, buttermilk, dhokla — fermentation increases microbial B12 content slightly but cannot fully replace direct B12 sources. | 3. For non-vegetarians: include liver (goat liver once weekly — the single richest dietary B12 source providing over 1000 mcg per 100g), fish," and chicken. | 4. Avoid excess alcohol — damages gastric mucosa and impairs B12 absorption. | 5. Take sublingual B12 supplements on empty stomach for maximum absorption.""",,,,,,,,,,,,,,,
"Vitamins;Vitamin B12;High;""1. Note: High B12 from food or supplements is generally not toxic and usually resolves upon stopping supplementation. Very high levels may require physician evaluation to rule out liver disease", leukaemia," or myeloproliferative disorders. | 2. Triphala Churna: Take 3 g at bedtime for 4 weeks — general detoxifier supporting hepatic B12 clearance."";""1. Stop B12 supplements until levels normalise. | 2. Reduce B12-rich foods (liver", eggs," dairy) moderately. | 3. Physician evaluation if B12 is dramatically elevated without supplement use."";""1. Reduce intake of B12-rich foods temporarily: reduce liver", organ meats," and eggs. | 2. Maintain a plant-predominant diet during normalisation period.""",,,,,,,,,,,,,,,,,,,,,,
"Vitamins;Vitamin D;Low;""1. Shatavari Churna: Take 5 g with warm milk twice daily for 12 weeks — nourishes gut mucosa improving fat-soluble Vitamin D absorption. | 2. Ashwagandha Churna: Take 5 g with warm milk at bedtime for 12 weeks — improves Vitamin D receptor sensitivity and supports bones affected by D deficiency. | 3. Praval Pishti: Take 250 mg twice daily after meals for 8 weeks — provides calcium and supports bone health while Vitamin D is being corrected. | 4. Shilajit (Purified): Take 250–500 mg with warm milk every morning for 12 weeks — improves Vitamin D receptor function and bone mineral density. | 5. Vitamin D3 Supplement (recommended alongside Ayurvedic support): 60","000 IU weekly sachet for 8 weeks then 2000 IU daily maintenance — biochemically essential as food alone rarely corrects deficiency; Ayurvedic herbs support optimal utilisation of supplemented D3."";""1. Daily sunlight exposure for 30–45 minutes — expose maximum skin to morning sunlight (7–9 AM) every single day without sunscreen. This is the most critical intervention for Vitamin D production; no supplement fully replicates sun-synthesised Vitamin D. | 2. Practice Surya Namaskar (sun salutation) outdoors every morning — combines sunlight exposure with yoga for dual benefit. | 3. Exercise outdoors for 30–45 minutes daily — exercise improves Vitamin D receptor expression in muscles and bones. | 4. Lose weight if overweight — Vitamin D is sequestered in adipose tissue reducing blood levels. | 5. Avoid SPF sunscreen during the morning sun exposure period (remove after sun bath) — sunscreen blocks Vitamin D synthesis entirely. | 6. Sleep 8 hours consistently — deep sleep is required for Vitamin D metabolism in liver and kidney."";""1. Eat Vitamin D-rich foods at every meal: cow milk (250 ml twice daily)", eggs (2 daily, especially the yolk — egg yolk contains 100% of the egg's Vitamin D), full-fat curd, paneer, and fatty fish (salmon, sardines, mackerel) for non-vegetarians (3–4 times weekly). | 2. Prepare sun-dried mushrooms: slice any mushroom variety and place gill-side up in direct sunlight for 2 hours — Vitamin D content increases up to 100-fold; eat 100 g of sun-dried mushrooms 3 times weekly. | 3. Cook with cow's ghee daily (1–2 teaspoons) — Vitamin D is fat-soluble and requires dietary fat for absorption; ghee as the cooking medium improves absorption of all fat-soluble vitamins. | 4. Eat Vitamin D alongside Vitamin K2-rich foods: fermented foods, natto, and full-fat dairy — K2 ensures D-absorbed calcium is deposited in bones not arteries. | 5. Ensure adequate magnesium — magnesium is required for Vitamin D conversion in liver and kidney; eat pumpkin seeds, almonds," and spinach daily.""",,,,,,,,,,,,,,,,
"Vitamins;Vitamin D;High;""1. Triphala Churna: Take 5 g at bedtime for 4 weeks — improves renal Vitamin D excretion. | 2. Punarnava Churna: Take 3 g twice daily for 4 weeks — promotes diuresis helping excrete excess Vitamin D-induced calcium. | 3. Note: Vitamin D toxicity is almost always from over-supplementation — stop all D3 supplements immediately."";""1. Stop all Vitamin D supplements immediately. | 2. Stop all calcium supplements. | 3. Reduce sun exposure temporarily. | 4. Increase fluid intake to 3–4 litres daily to prevent calcium kidney stones. | 5. Physician evaluation — Vitamin D toxicity causes hypercalcaemia which can be dangerous."";""1. Avoid all Vitamin D-rich foods temporarily: fatty fish", egg yolk," fortified dairy. | 2. Stop all calcium supplements. | 3. Stay very well hydrated. | 4. Avoid calcium-rich foods temporarily.""",,,,,,,,,,,,,,,,,,,,,,,,,,
"Urine;Protein (Urine);Absent (Normal);""No intervention needed — maintaining kidney health is the goal. | 1. Punarnava Churna: Take 3 g twice daily for 8 weeks as a preventive nephroprotective. | 2. Gokshura Churna: Take 3 g twice daily for 8 weeks."";""Maintain adequate hydration. Exercise regularly. Control blood pressure and blood sugar."";""Eat a kidney-friendly balanced diet. Stay well hydrated.""",,,,,,,,,,,,,,,,,,,,,,,,,,,,
"Urine;Protein (Urine);Present/High;""1. Punarnava Churna: Take 3 g twice daily for 12 weeks — reduces proteinuria by improving glomerular membrane integrity. | 2. Gokshura Churna: Take 3 g twice daily for 12 weeks — reduces protein leakage through nephroprotective action. | 3. Chandraprabha Vati: Take 2 tablets twice daily for 12 weeks — reduces proteinuria in early kidney disease. | 4. Shatavari Churna: Take 5 g with warm milk twice daily for 12 weeks — renal protective Rasayana. | 5. Varunadi Kwath: Take 30 ml with equal water twice daily for 8 weeks — classical kidney rejuvenating formulation reducing proteinuria."";""1. Control blood pressure strictly (target below 130/80) — hypertension is the leading cause of proteinuria and kidney damage. | 2. Control blood glucose strictly if diabetic — diabetic nephropathy is the leading cause of proteinuria. | 3. Drink 2.5–3 litres water daily. | 4. Avoid NSAIDs completely — nephrotoxic. | 5. Reduce dietary protein moderately. | 6. Physician evaluation is mandatory — proteinuria can indicate kidney disease", hypertension-related nephropathy," or diabetes."";""1. Follow a low-sodium diet strictly: no added salt", no pickles," no processed foods. | 2. Reduce protein intake moderately — shift from animal to plant proteins. | 3. Drink barley water throughout the day — classical Ayurvedic nephroprotective drink. | 4. Eat Punarnava leaves as a vegetable 2–3 times weekly. | 5. Avoid high-potassium foods if kidney function is also impaired. | 6. Avoid spicy and fried foods.""",,,,,,,,,,,,,,,,,,,,,,,,
"Urine;Glucose (Urine);Negative (Normal);""No intervention needed."";""Control blood glucose through diet and exercise."";""Maintain low glycaemic diet.""",,,,,,,,,,,,,,,,,,,,,,,,,,,,
"Urine;Glucose (Urine);Present/High;""1. Vijaysar Water: Soak overnight in Vijaysar cup"," drink every morning on empty stomach for 12 weeks. | 2. Karela Juice: 30 ml with equal water every morning for 12 weeks. | 3. Gurmar Capsules: 400 mg twice daily before meals for 12 weeks. | 4. Jamun Seed Powder: 3 g twice daily before meals for 12 weeks. | 5. Note: Glycosuria (glucose in urine) always indicates blood glucose above renal threshold (~180 mg/dL) or rarely renal glycosuria — physician evaluation mandatory."";""Walk 45–60 minutes daily. Control diet strictly. Monitor blood glucose. Manage stress."";""Follow diabetic diet strictly. Eliminate sugar and refined carbohydrates.""",,,,,,,,,,,,,,,,,,,,,,,,,,,
"Urine;Ketones (Urine);Negative (Normal);""No intervention needed."";""Maintain regular mealtimes. Avoid prolonged fasting."";""Maintain balanced diet with adequate carbohydrates.""",,,,,,,,,,,,,,,,,,,,,,,,,,,,
"Urine;Ketones (Urine);Present/High;""1. Guduchi Swarasa: Take 20 ml every morning for 4 weeks — reduces acidosis and inflammatory state. | 2. Triphala Churna: Take 3 g at bedtime for 4 weeks — supports metabolic normalisation. | 3. Note: Urine ketones indicate diabetic ketoacidosis (if diabetic)", starvation," or very-low-carbohydrate state — physician evaluation urgently required for diabetics."";""1. Physician evaluation urgently — DKA is life-threatening in diabetics. | 2. If fasting-related"," resume eating regular meals immediately. | 3. Maintain regular mealtimes."";""1. Eat complex carbohydrates at every meal. | 2. Do not skip meals. | 3. If diabetic"," follow physician dietary guidance strictly.""",,,,,,,,,,,,,,,,,,,,,,,,
"Urine;Bilirubin (Urine);Negative (Normal);""No intervention needed."";""Maintain liver health through Dinacharya."";""Maintain liver-supportive diet.""",,,,,,,,,,,,,,,,,,,,,,,,,,,,
"Urine;Bilirubin (Urine);Present/High;""1. Bhumyamalaki Capsules: Take 500 mg twice daily for 8 weeks — reduces hepatic bilirubin leaking into urine. | 2. Arogyavardhini Vati: Take 250 mg twice daily for 6 weeks. | 3. Punarnava Churna: Take 3 g twice daily for 8 weeks."";""Avoid alcohol. Rest adequately. Consult physician urgently — bilirubin in urine indicates liver or haemolytic disease."";""Eat light"," easily digestible foods. Drink sugarcane juice twice daily. Avoid fried and oily foods.""",,,,,,,,,,,,,,,,,,,,,,,,,,,
"Urine;Urobilinogen (Urine);Low/Absent;""1. Bhumyamalaki Capsules: Take 500 mg twice daily for 8 weeks — improves bile flow reducing biliary obstruction causing absent urobilinogen. | 2. Arogyavardhini Vati: Take 250 mg twice daily for 6 weeks. | 3. Note: Absent urobilinogen may indicate complete biliary obstruction — physician evaluation urgently."";""Physician evaluation is urgent for absent urobilinogen. Avoid alcohol and hepatotoxic drugs."";""Eat light"," easily digestible liver-supportive foods.""",,,,,,,,,,,,,,,,,,,,,,,,,,,
"Urine;Urobilinogen (Urine);High;""1. Bhumyamalaki Capsules: Take 500 mg twice daily for 8 weeks. | 2. Guduchi Swarasa: Take 20 ml every morning for 6 weeks. | 3. Triphala Churna: Take 5 g at bedtime for 6 weeks. | 4. Note: High urobilinogen indicates haemolysis or hepatic disease."";""Identify and treat underlying haemolysis or liver disease. Avoid alcohol."";""Eat liver-supportive diet. Drink sugarcane juice twice daily.""",,,,,,,,,,,,,,,,,,,,,,,,,,,,
"Urine;Pus Cells (Urine);Normal (0-5);""No intervention needed."";""Maintain good personal hygiene."";""Stay well hydrated.""",,,,,,,,,,,,,,,,,,,,,,,,,,,,
"Urine;Pus Cells (Urine);High;""1. Punarnava Churna: Take 3 g twice daily for 6–8 weeks — anti-inflammatory and anti-infective nephroprotective reducing urinary pus cells. | 2. Gokshura Churna: Take 3 g twice daily for 6 weeks — diuretic that flushes the urinary tract. | 3. Chandraprabha Vati: Take 2 tablets twice daily for 6 weeks — classical Ayurvedic treatment for urinary tract infections. | 4. Triphala Churna: Take 5 g at bedtime for 6 weeks — anti-infective gut-urinary cleansing. | 5. Coriander Seed Water: Soak 2 teaspoons coriander seeds overnight in 500 ml water"," strain and drink throughout the day for 4 weeks — cooling diuretic that reduces urinary inflammation."";""1. Drink 3–4 litres of water daily — the most critical intervention for UTI; flushes bacteria from urinary tract. | 2. Urinate immediately after intercourse — prevents bacterial ascension causing UTI. | 3. Maintain strict personal hygiene — particularly important for women. | 4. Avoid suppressing the urge to urinate — holding urine promotes bacterial growth. | 5. Physician evaluation if pus cells are very high — may require antibiotic treatment for severe UTI."";""1. Drink 3–4 litres of water including coconut water (200 ml twice daily) and barley water throughout the day. | 2. Drink fresh cranberry juice (100 ml daily) — proanthocyanidins prevent bacterial adhesion to urinary tract walls. | 3. Eat curd (1 bowl twice daily) — probiotics reduce urinary pathogens. | 4. Avoid spicy foods and alcohol during active UTI — worsen urinary inflammation. | 5. Include vitamin C-rich foods: amla", lemon," tomato — acidifies urine inhibiting bacterial growth.""",,,,,,,,,,,,,,,,,,,,,,,,,
"Urine;Epithelial Cells (Urine);High;""1. Punarnava Churna: Take 3 g twice daily for 6 weeks — reduces urinary tract inflammation causing epithelial shedding. | 2. Gokshura Churna: Take 3 g twice daily for 6 weeks — urinary anti-inflammatory. | 3. Chandraprabha Vati: Take 2 tablets twice daily for 6 weeks. | 4. Note: Very high epithelial cells require physician evaluation for UTI or kidney disease."";""1. Increase fluid intake to 3–4 litres daily. | 2. Maintain good personal hygiene. | 3. Consult physician if epithelial cells are very high."";""1. Drink 3–4 litres of water daily. | 2. Include coconut water and barley water. | 3. Avoid spicy and processed foods.""",,,,,,,,,,,,,,,,,,,,,,,,,,,,
"Cardiovascular;Apolipoprotein A1;Low;""1. Arjuna Churna: Take 3 g twice daily for 12 weeks — increases ApoA1 through cardioprotective mechanisms. | 2. Amla Juice: Take 20 ml every morning for 12 weeks — raises HDL-associated ApoA1. | 3. Guggulu Capsules: Take 500 mg twice daily for 12 weeks. | 4. Turmeric Milk: Every night for 12 weeks."";""Exercise 45–60 minutes daily — most effective intervention for raising ApoA1 alongside HDL. Quit smoking. Manage stress."";""Eat healthy fats: nuts", seeds, olive oil," cow's ghee. Eat garlic and onions daily. Include omega-3 foods.""",,,,,,,,,,,,,,,,,,,,,,,,,
"Cardiovascular;Apolipoprotein A1;High;""Note: High ApoA1 is generally protective and not a clinical concern. Maintain current healthy lifestyle."";""Maintain current healthy lifestyle."";""Maintain current healthy diet rich in healthy fats and fibre.""",,,,,,,,,,,,,,,,,,,,,,,,,,,,
"Cardiovascular;Apolipoprotein B;Low;""Note: Low ApoB generally indicates good cardiovascular health. Maintain current diet."";""Maintain current lifestyle."";""Maintain current healthy diet.""",,,,,,,,,,,,,,,,,,,,,,,,,,,,
"Cardiovascular;Apolipoprotein B;High;""1. Arjuna Churna: Take 3 g twice daily for 12 weeks — reduces atherogenic ApoB-containing particles. | 2. Guggulu Capsules: Take 500 mg twice daily for 12 weeks — reduces VLDL and LDL which carry ApoB. | 3. Garlic: 2–3 raw cloves every morning. | 4. Triphala Churna: Take 5 g at bedtime for 8 weeks. | 5. Turmeric Milk: Every night for 12 weeks."";""Exercise 45–60 minutes daily. Quit smoking. Eliminate trans fats. Manage stress. Lose weight if overweight."";""Increase soluble fibre. Eat omega-3 rich foods. Reduce red meat and processed foods. Eat garlic", onions," flaxseeds daily.""",,,,,,,,,,,,,,,,,,,,,,,,,,
"Cardiovascular;APO-B/APO-A1 Ratio;High;""1. Arjuna Churna: Take 3 g twice daily for 12 weeks — directly improves this ratio by raising ApoA1 and lowering ApoB. | 2. Amla Juice: Take 20 ml every morning for 12 weeks. | 3. Guggulu Capsules: Take 500 mg twice daily for 12 weeks. | 4. Garlic: 2–3 raw cloves every morning."";""Exercise 45–60 minutes daily. Quit smoking. Eliminate trans fats. Manage stress."";""Increase healthy fats (raises ApoA1) and soluble fibre (reduces ApoB). Eat garlic", onions, walnuts," flaxseeds daily.""",,,,,,,,,,,,,,,,,,,,,,,,,
"Cardiovascular;hs-CRP (High Sensitivity CRP);Low/Normal;""No intervention needed. Maintain anti-inflammatory lifestyle as preventive."";""Maintain exercise routine. Manage stress. Avoid smoking."";""Maintain anti-inflammatory diet: turmeric", ginger, garlic," omega-3 rich foods.""",,,,,,,,,,,,,,,,,,,,,,,,,
"Cardiovascular;hs-CRP (High Sensitivity CRP);High;""1. Guduchi (Giloy) Swarasa: Take 20 ml with equal water every morning on empty stomach for 12 weeks — the most powerful Ayurvedic anti-inflammatory", clinically reduces CRP by inhibiting NF-kB inflammatory pathway. | 2. Turmeric (Haridra) Capsules: Take 500 mg twice daily after meals for 12 weeks — curcumin is a scientifically validated CRP-reducing anti-inflammatory (inhibits COX-2 and NF-kB). | 3. Boswellia (Shallaki) Capsules: Take 400 mg twice daily after meals for 12 weeks — 5-LOX inhibitor reducing systemic inflammation and CRP. | 4. Garlic: Take 2–3 raw cloves with warm water every morning on empty stomach for 12 weeks — allicin compounds significantly reduce hs-CRP in clinical trials. | 5. Triphala Churna: Take 5 g with warm water at bedtime for 8 weeks — reduces Ama (inflammatory endotoxins) that drive hs-CRP elevation. | 6. Arjuna Churna: Take 3 g with warm water twice daily for 12 weeks — reduces cardiovascular inflammation and hs-CRP simultaneously protecting the heart. | 7. Ginger Decoction: Boil 5 g dry ginger in 400 ml water, reduce to 100 ml," drink lukewarm twice daily for 8 weeks — gingerols are potent anti-inflammatory compounds reducing hs-CRP."";""1. Exercise for 45–60 minutes every day — aerobic exercise is the most effective lifestyle intervention to reduce hs-CRP; it can lower CRP by 30–40% in 12 weeks of consistent exercise. | 2. Lose weight if overweight — adipose tissue (especially visceral abdominal fat) is a primary source of inflammatory cytokines driving hs-CRP elevation; every kg lost reduces hs-CRP significantly. | 3. Quit smoking immediately — smoking doubles hs-CRP levels through vascular endothelial inflammation. | 4. Sleep 7–8 hours consistently — sleep deprivation raises hs-CRP by 25–50%; sleep before 10 PM. | 5. Manage stress aggressively with daily 20-minute meditation — cortisol and psychological stress are major drivers of systemic inflammation. | 6. Avoid deep-fried foods", trans fats," and sugar completely — these are primary dietary drivers of hs-CRP elevation. | 7. Perform daily Abhyanga with warm sesame oil — reduces systemic inflammatory burden through skin absorption of anti-inflammatory sesame compounds. | 8. Practice Anulom Vilom Pranayama for 15 minutes daily and Shavasana for 10 minutes — reduces neuro-inflammatory stress response."";""1. Follow a strict anti-inflammatory diet at every meal: include turmeric (1/2 teaspoon in every meal)", fresh ginger (1 inch daily), garlic (2–3 cloves daily), and black pepper (pinch at every meal) — this combination produces a powerful daily anti-inflammatory effect. | 2. Include omega-3-rich foods at every meal: ground flaxseeds (1 tablespoon), walnuts (4–5 daily), and fatty fish for non-vegetarians (3–4 times weekly, especially salmon and sardines) — omega-3 DHA/EPA directly reduce hs-CRP. | 3. Eat antioxidant-rich dark-coloured vegetables and fruits daily: pomegranate (200 ml juice or 1 fruit daily), berries (blueberries, amla), beetroot, and dark leafy greens — their polyphenols reduce NF-kB-driven inflammation. | 4. Eliminate all sugar, refined carbohydrates, white flour products, and fructose-sweetened beverages — these are the most potent dietary drivers of hs-CRP elevation. | 5. Eliminate trans fats (vanaspati, margarine, fried snacks) and processed oils (sunflower oil in excess) — replace with cold-pressed coconut oil, cow's ghee, and olive oil. | 6. Increase dietary fibre dramatically: psyllium husk (1 teaspoon before each meal), whole legumes, and vegetables — gut dysbiosis (poor gut flora) drives systemic inflammation raising hs-CRP; fibre feeds beneficial bacteria. | 7. Include pre-biotic and probiotic foods daily: homemade curd (1 bowl twice daily), buttermilk with lunch, and fermented foods (idli, dosa," dhokla) — gut microbiome repair is one of the most powerful long-term interventions for reducing hs-CRP."""
"Cardiovascular;Homocysteine;Low;""Note: Low homocysteine is not clinically significant."";""Maintain balanced B-vitamin intake."";""Maintain balanced diet.""",,,,,,,,,,,,,,,,,,,,,,,,,,,,
"Cardiovascular;Homocysteine;High;""1. Ashwagandha Churna: Take 5 g with warm milk at bedtime for 8 weeks — reduces stress-driven homocysteine elevation and improves B-vitamin metabolism. | 2. Shatavari Churna: Take 5 g with warm milk twice daily for 8 weeks — supports gut health for B12 and folate absorption"," the nutrients that metabolise homocysteine. | 3. Triphala Churna: Take 3 g at bedtime for 6 weeks — improves gut absorption of B vitamins. | 4. Brahmi Ghrita: Take 1 teaspoon with warm milk at bedtime for 8 weeks — supports vascular and neurological health affected by high homocysteine."";""1. Address B12", folate," and B6 deficiencies — these are the direct biochemical causes of elevated homocysteine; supplementation dramatically reduces levels. | 2. Avoid alcohol — depletes all B vitamins. | 3. Quit smoking. | 4. Exercise 30–40 minutes daily — reduces homocysteine through improved B-vitamin metabolism. | 5. Manage stress — cortisol reduces methionine metabolism."";""1. Maximise B12 intake: dairy", eggs, and sublingual supplement if required. | 2. Maximise folate intake: leafy greens, legumes (moong, masoor, kidney beans), broccoli, and asparagus at every meal. | 3. Include B6-rich foods: bananas, potatoes, chickpeas," and poultry (non-vegetarians). | 4. Avoid alcohol completely. | 5. Eat betaine-rich foods: beetroot and spinach — betaine is a methyl donor that directly lowers homocysteine.""",,,,,,,,,,,,,,,